-- MySQL dump 10.13  Distrib 5.5.44, for debian-linux-gnu (x86_64)
--
-- Host: localhost    Database: civicgraph
-- ------------------------------------------------------
-- Server version	5.5.44-0ubuntu0.14.04.1

/*!40101 SET @OLD_CHARACTER_SET_CLIENT=@@CHARACTER_SET_CLIENT */;
/*!40101 SET @OLD_CHARACTER_SET_RESULTS=@@CHARACTER_SET_RESULTS */;
/*!40101 SET @OLD_COLLATION_CONNECTION=@@COLLATION_CONNECTION */;
/*!40101 SET NAMES utf8 */;
/*!40103 SET @OLD_TIME_ZONE=@@TIME_ZONE */;
/*!40103 SET TIME_ZONE='+00:00' */;
/*!40014 SET @OLD_UNIQUE_CHECKS=@@UNIQUE_CHECKS, UNIQUE_CHECKS=0 */;
/*!40014 SET @OLD_FOREIGN_KEY_CHECKS=@@FOREIGN_KEY_CHECKS, FOREIGN_KEY_CHECKS=0 */;
/*!40101 SET @OLD_SQL_MODE=@@SQL_MODE, SQL_MODE='NO_AUTO_VALUE_ON_ZERO' */;
/*!40111 SET @OLD_SQL_NOTES=@@SQL_NOTES, SQL_NOTES=0 */;

--
-- Table structure for table `category`
--

DROP TABLE IF EXISTS `category`;
/*!40101 SET @saved_cs_client     = @@character_set_client */;
/*!40101 SET character_set_client = utf8 */;
CREATE TABLE `category` (
  `id` int(11) NOT NULL AUTO_INCREMENT,
  `name` varchar(50) DEFAULT NULL,
  PRIMARY KEY (`id`)
) ENGINE=InnoDB AUTO_INCREMENT=7 DEFAULT CHARSET=utf8;
/*!40101 SET character_set_client = @saved_cs_client */;

--
-- Dumping data for table `category`
--

LOCK TABLES `category` WRITE;
/*!40000 ALTER TABLE `category` DISABLE KEYS */;
INSERT INTO `category` VALUES (1,'Smart & Resilient Cities'),(2,'Data & Analytics'),(3,'General Civic Tech'),(4,'Social Services'),(5,'Jobs & Education'),(6,'GovTech');
/*!40000 ALTER TABLE `category` ENABLE KEYS */;
UNLOCK TABLES;

--
-- Table structure for table `category_table`
--

DROP TABLE IF EXISTS `category_table`;
/*!40101 SET @saved_cs_client     = @@character_set_client */;
/*!40101 SET character_set_client = utf8 */;
CREATE TABLE `category_table` (
  `category_id` int(11) DEFAULT NULL,
  `entity_id` int(11) DEFAULT NULL,
  KEY `category_id` (`category_id`),
  KEY `entity_id` (`entity_id`),
  CONSTRAINT `category_table_ibfk_1` FOREIGN KEY (`category_id`) REFERENCES `category` (`id`),
  CONSTRAINT `category_table_ibfk_2` FOREIGN KEY (`entity_id`) REFERENCES `entity` (`id`)
) ENGINE=InnoDB DEFAULT CHARSET=utf8;
/*!40101 SET character_set_client = @saved_cs_client */;

--
-- Dumping data for table `category_table`
--

LOCK TABLES `category_table` WRITE;
/*!40000 ALTER TABLE `category_table` DISABLE KEYS */;
INSERT INTO `category_table` VALUES (3,1),(3,2),(2,3),(3,4),(1,5),(5,6),(1,6),(5,7),(3,8),(3,9),(3,10),(2,11),(2,12),(3,13),(1,14),(1,15),(1,16),(3,17),(3,18),(3,19),(3,20),(2,21),(2,22),(1,23),(1,24),(3,25),(3,26),(3,27),(3,28),(3,29),(1,30),(2,31),(3,32),(3,33),(3,34),(2,35),(1,36),(2,37),(2,38),(5,39),(1,40),(2,41),(5,42),(5,43),(3,44),(3,45),(5,46),(3,47),(3,48),(5,49),(5,50),(5,51),(5,52),(3,53),(3,54),(3,55),(3,56),(5,57),(5,58),(5,59),(2,60),(2,61),(1,62),(2,63),(2,64),(2,65),(5,66),(5,67),(1,68),(3,69),(3,70),(3,71),(3,72),(5,73),(3,74),(1,75),(3,76),(5,77),(1,78),(3,79),(5,80),(5,81),(3,82),(3,83),(3,84),(5,85),(1,86),(1,87),(2,89),(3,90),(2,91),(1,91),(4,91),(1,92),(5,93),(3,94),(4,94),(6,95),(3,97),(2,97),(3,98),(2,99),(3,100),(2,100),(6,100),(2,101),(3,102),(3,103),(6,103),(5,104),(6,104),(3,105),(2,106),(1,106),(4,106),(3,107),(3,108),(3,109),(1,109),(1,110),(3,111),(2,111),(4,111),(6,111),(3,112),(1,112),(4,112),(2,113),(5,114),(1,115),(3,116),(2,117),(1,117),(3,118),(3,119),(3,120),(3,121),(3,122),(3,123),(3,124),(5,125),(3,126),(2,127),(6,127),(3,128),(3,129),(2,131),(1,132),(3,133),(2,133),(3,135),(5,136),(4,136),(5,137),(3,138),(3,139),(2,139),(6,139),(3,140),(2,140),(6,140),(1,141),(2,142),(4,143),(4,144),(2,145),(2,146),(2,147),(2,148),(2,149),(6,150),(4,151),(6,152),(4,153),(2,154),(6,155),(1,156),(1,157),(1,158),(4,159),(6,160),(1,161),(2,162),(6,163),(6,164),(6,165),(2,166),(6,167),(2,168),(4,169),(4,170),(1,171),(1,172),(6,173),(2,174),(2,175),(1,176),(1,177),(1,178),(1,179),(4,180),(4,181),(4,182),(1,183),(6,184),(1,185),(6,186),(6,187),(1,188),(2,189),(6,190),(6,191),(6,192),(6,193),(4,194),(1,195),(4,196),(6,197),(4,198),(2,199),(2,200),(3,201),(1,201),(4,201),(1,202),(4,203),(1,204),(1,205),(2,206),(6,207),(2,208),(6,208),(1,209),(6,210),(2,211),(2,212),(1,220),(1,224),(2,227),(2,228),(5,228),(4,228),(1,229),(6,230),(2,231),(6,231),(6,232),(6,233),(1,234),(4,235),(1,236),(3,237),(2,237),(1,237),(4,237),(6,237),(1,238),(3,239),(2,239),(6,239),(6,240),(1,241),(4,242),(4,243),(1,244),(6,245),(1,246),(4,247),(6,248),(6,249),(6,250),(1,251),(3,252),(2,252),(6,252),(2,253),(5,254),(5,255),(2,256),(5,256),(1,256),(5,257),(1,257),(3,258),(6,258),(5,259),(3,260),(5,260),(1,260),(4,260),(5,261),(3,262),(5,262),(3,263),(1,263),(3,264),(1,264),(6,264),(5,265),(3,266),(5,267),(2,268),(3,269),(3,270),(2,270),(1,270),(6,270),(2,271),(3,272),(1,273),(1,274),(3,275),(3,276),(5,277),(3,278),(2,278),(4,278),(6,278),(1,279),(6,279),(2,280),(6,280),(4,281),(4,282),(3,283),(2,283),(5,283),(1,283),(4,283),(3,284),(2,284),(1,284),(6,284),(3,285),(2,285),(1,285),(6,285),(1,286),(3,287),(3,288),(1,289),(3,290),(2,291),(2,292),(1,293),(3,294),(2,295),(6,296),(3,297),(3,298),(3,299),(2,299),(3,300),(2,300),(6,300),(6,301),(6,302),(3,305),(2,305),(4,306),(6,309),(2,310),(1,310),(6,310),(3,311),(3,313),(2,313),(2,314),(6,314),(3,315),(2,315),(1,315),(6,315),(3,316),(6,316),(3,317),(2,317),(5,317),(4,317),(6,317),(3,318),(2,318),(5,318),(1,318),(4,318),(3,319),(2,319),(6,319),(3,320),(2,320),(4,320),(6,320),(3,321),(6,321),(3,322),(2,322),(6,322),(3,323),(2,323),(3,324),(2,324),(1,324),(6,324),(1,325),(4,325),(6,325),(3,326),(2,326),(6,326),(3,327),(3,328),(6,328),(3,329),(6,329),(3,330),(3,331),(6,331),(3,332),(2,332),(2,333),(3,334),(2,334),(6,334),(3,335),(3,336),(2,336),(6,336),(3,337),(2,337),(1,337),(6,337),(3,338),(5,338),(3,339),(2,339),(5,339),(1,339),(4,339),(3,340),(3,341),(2,341),(1,342),(5,343),(6,343),(3,344),(2,344),(5,344),(1,344),(4,344),(3,345),(2,346),(3,347),(1,348),(2,349),(4,349),(6,349),(3,350),(3,0),(4,0),(5,0),(6,0),(2,369),(3,369),(1,370),(2,370),(6,370),(1,371),(1,374),(5,372),(3,357),(4,357),(1,116),(2,116),(4,116),(5,116),(6,116),(5,373),(6,283),(1,375),(2,375),(3,376),(5,376),(4,378),(1,379),(3,379),(5,379),(2,380),(3,380),(5,380),(1,382),(2,382),(3,382),(4,382),(6,382),(1,383),(2,383),(3,383),(6,383),(1,384),(2,384),(3,384),(5,384),(1,385),(2,385),(3,385),(5,385),(5,305),(1,276),(2,276),(1,386),(2,386),(2,387),(3,387),(5,387),(2,388),(3,388),(1,390),(2,390),(3,390),(6,390),(3,391),(3,392),(1,393),(2,393),(6,393),(1,394),(2,394),(3,394),(6,394),(3,395),(2,396),(2,397),(2,398),(5,398),(3,399),(3,400),(3,401),(3,402),(3,403),(3,404),(3,405),(3,406),(3,407),(3,408),(6,409),(3,410),(3,411),(3,412),(3,413),(3,414),(3,415),(3,416),(3,417),(3,418),(3,419),(3,420),(6,420),(3,421),(3,422),(3,423),(3,424),(2,425),(6,425),(1,426),(3,426),(5,426),(6,426),(2,427),(3,427),(5,427),(5,428),(5,429),(1,430),(3,430),(1,431),(5,431),(5,432),(1,433),(4,433),(5,433),(1,434),(3,434),(5,434),(6,434),(1,435),(5,435),(1,436),(5,436),(1,437),(5,437),(6,437),(1,438),(2,438),(3,438),(6,438),(1,439),(2,439),(3,439),(5,439),(6,439),(1,440),(3,440),(5,440),(6,440),(2,441),(5,441),(1,442),(2,442),(1,443),(2,443),(3,443),(5,443),(6,443),(1,444),(3,444),(5,444),(6,444),(1,445),(2,445),(3,445),(5,445),(6,445),(2,446),(3,446),(4,446),(5,446),(6,446),(1,447),(3,447),(4,447),(5,447),(1,448),(2,448),(3,448),(5,448),(5,449),(5,450),(5,451),(5,452),(5,453),(5,454),(5,455),(5,456),(5,457),(5,458),(5,459),(3,460),(6,460),(5,461),(5,462),(1,463),(5,463),(4,464),(1,465),(2,465),(5,465),(5,466),(1,467),(2,467),(5,467),(5,468),(1,469),(5,469),(5,471),(4,472),(5,472),(1,473),(5,473),(6,473),(2,474),(3,474),(6,474),(1,475),(5,475),(2,476),(6,476),(2,477),(3,314),(4,314),(3,478),(5,478),(2,479),(3,479),(6,479),(1,480),(1,481),(1,482),(1,483),(1,484),(1,485),(2,485),(1,486),(5,486),(5,487),(5,488),(1,489),(2,489),(5,490),(1,491),(2,491),(3,491),(5,491),(6,491),(1,492),(4,492),(1,493),(2,493),(3,493),(6,493),(5,494),(5,495),(5,496),(1,497),(4,497),(5,497),(1,498),(2,498),(3,498),(6,498),(1,499),(5,499),(1,500),(5,500),(5,502),(1,503),(2,503),(1,505),(5,505),(1,506),(3,506),(4,506),(5,506),(1,507),(5,507),(1,508),(1,509),(5,509),(1,510),(5,510),(1,511),(2,511),(1,512),(5,512),(1,513),(5,513),(1,514),(2,514),(6,514),(1,515),(2,515),(1,516),(2,516),(1,517),(3,517),(6,517),(1,518),(1,519),(1,520),(2,520),(3,520),(4,520),(5,520),(6,520),(1,521),(1,522),(1,523),(3,523),(6,523),(1,524),(1,525),(1,526),(1,527),(3,527),(1,528),(1,529),(3,529),(1,530),(1,531),(1,533),(3,533),(1,534),(1,535),(5,535),(1,536),(3,536),(1,537),(3,537),(1,538),(3,538),(1,539),(2,539),(3,539),(6,539),(1,540),(3,540),(1,541),(4,542),(3,543),(3,544),(4,544),(5,544),(6,545),(2,542),(3,542),(6,546),(2,547),(3,547),(6,547),(3,548),(4,548),(2,549),(3,549),(6,549),(3,550),(6,550),(3,551),(1,552),(3,552),(6,552),(3,553),(1,356),(3,356),(6,356),(3,554),(1,555),(2,555),(3,555),(5,555),(1,556),(2,556),(3,556),(5,556),(6,556);
/*!40000 ALTER TABLE `category_table` ENABLE KEYS */;
UNLOCK TABLES;

--
-- Table structure for table `connection`
--

DROP TABLE IF EXISTS `connection`;
/*!40101 SET @saved_cs_client     = @@character_set_client */;
/*!40101 SET character_set_client = utf8 */;
CREATE TABLE `connection` (
  `id` int(11) NOT NULL AUTO_INCREMENT,
  `entity_id1` int(11) DEFAULT NULL,
  `entity_id2` int(11) DEFAULT NULL,
  `details` varchar(500) DEFAULT NULL,
  `type` varchar(50) DEFAULT NULL,
  PRIMARY KEY (`id`),
  KEY `entity_id1` (`entity_id1`),
  KEY `entity_id2` (`entity_id2`),
  CONSTRAINT `connection_ibfk_1` FOREIGN KEY (`entity_id1`) REFERENCES `entity` (`id`),
  CONSTRAINT `connection_ibfk_2` FOREIGN KEY (`entity_id2`) REFERENCES `entity` (`id`)
) ENGINE=InnoDB AUTO_INCREMENT=766 DEFAULT CHARSET=utf8;
/*!40101 SET character_set_client = @saved_cs_client */;

--
-- Dumping data for table `connection`
--

LOCK TABLES `connection` WRITE;
/*!40000 ALTER TABLE `connection` DISABLE KEYS */;
INSERT INTO `connection` VALUES (1,1,22,NULL,'collaboration'),(2,3,283,NULL,'collaboration'),(3,3,276,NULL,'collaboration'),(4,6,283,NULL,'collaboration'),(5,23,6,NULL,'collaboration'),(6,24,6,NULL,'collaboration'),(7,47,6,NULL,'collaboration'),(8,52,276,NULL,'collaboration'),(9,52,266,NULL,'collaboration'),(10,54,55,NULL,'collaboration'),(11,57,84,NULL,'collaboration'),(12,58,74,NULL,'collaboration'),(13,59,90,NULL,'collaboration'),(14,59,61,NULL,'collaboration'),(15,59,84,NULL,'collaboration'),(16,60,283,NULL,'collaboration'),(17,60,276,NULL,'collaboration'),(18,61,4,NULL,'collaboration'),(19,61,74,NULL,'collaboration'),(20,61,255,NULL,'collaboration'),(21,63,84,NULL,'collaboration'),(22,65,283,NULL,'collaboration'),(23,65,84,NULL,'collaboration'),(24,66,2,NULL,'collaboration'),(25,66,283,NULL,'collaboration'),(26,66,138,NULL,'collaboration'),(27,68,84,NULL,'collaboration'),(28,68,4,NULL,'collaboration'),(29,68,62,NULL,'collaboration'),(30,69,283,NULL,'collaboration'),(31,77,14,NULL,'collaboration'),(32,82,276,NULL,'collaboration'),(33,82,14,NULL,'collaboration'),(34,46,275,NULL,'collaboration'),(35,46,317,NULL,'collaboration'),(36,18,275,NULL,'collaboration'),(37,18,317,NULL,'collaboration'),(38,18,124,NULL,'collaboration'),(39,19,124,NULL,'collaboration'),(40,19,20,NULL,'collaboration'),(41,25,317,NULL,'collaboration'),(42,27,122,NULL,'collaboration'),(43,27,85,NULL,'collaboration'),(44,28,122,NULL,'collaboration'),(45,28,47,NULL,'collaboration'),(46,28,123,NULL,'collaboration'),(47,28,27,NULL,'collaboration'),(48,29,99,NULL,'collaboration'),(49,30,2,NULL,'collaboration'),(50,31,36,NULL,'collaboration'),(51,31,138,NULL,'collaboration'),(52,32,122,NULL,'collaboration'),(53,32,138,NULL,'collaboration'),(54,33,3,NULL,'collaboration'),(55,33,8,NULL,'collaboration'),(56,34,99,NULL,'collaboration'),(57,34,117,NULL,'collaboration'),(58,34,35,NULL,'collaboration'),(59,34,36,NULL,'collaboration'),(60,34,131,NULL,'collaboration'),(61,34,37,NULL,'collaboration'),(62,34,268,NULL,'collaboration'),(63,34,38,NULL,'collaboration'),(64,35,117,NULL,'collaboration'),(65,35,34,NULL,'collaboration'),(66,35,118,NULL,'collaboration'),(67,35,113,NULL,'collaboration'),(68,35,36,NULL,'collaboration'),(69,35,131,NULL,'collaboration'),(70,35,37,NULL,'collaboration'),(71,35,268,NULL,'collaboration'),(72,35,38,NULL,'collaboration'),(73,36,123,NULL,'collaboration'),(74,36,113,NULL,'collaboration'),(75,36,118,NULL,'collaboration'),(76,36,34,NULL,'collaboration'),(77,36,117,NULL,'collaboration'),(78,36,35,NULL,'collaboration'),(79,36,36,NULL,'collaboration'),(80,36,131,NULL,'collaboration'),(81,36,37,NULL,'collaboration'),(82,36,268,NULL,'collaboration'),(83,36,38,NULL,'collaboration'),(84,37,113,NULL,'collaboration'),(85,37,117,NULL,'collaboration'),(86,37,35,NULL,'collaboration'),(87,37,36,NULL,'collaboration'),(88,37,131,NULL,'collaboration'),(89,37,37,NULL,'collaboration'),(90,37,268,NULL,'collaboration'),(91,37,38,NULL,'collaboration'),(92,37,34,NULL,'collaboration'),(93,37,118,NULL,'collaboration'),(94,38,113,NULL,'collaboration'),(95,38,117,NULL,'collaboration'),(96,38,35,NULL,'collaboration'),(97,38,36,NULL,'collaboration'),(98,38,131,NULL,'collaboration'),(99,38,37,NULL,'collaboration'),(100,38,268,NULL,'collaboration'),(101,38,38,NULL,'collaboration'),(102,38,118,NULL,'collaboration'),(103,38,34,NULL,'collaboration'),(104,39,311,NULL,'collaboration'),(105,39,118,NULL,'collaboration'),(106,39,52,NULL,'collaboration'),(107,40,271,NULL,'collaboration'),(108,41,99,NULL,'collaboration'),(109,42,101,NULL,'collaboration'),(110,43,128,NULL,'collaboration'),(111,43,51,NULL,'collaboration'),(112,44,45,NULL,'collaboration'),(113,44,19,NULL,'collaboration'),(114,44,18,NULL,'collaboration'),(115,44,124,NULL,'collaboration'),(116,44,276,NULL,'collaboration'),(117,45,276,NULL,'collaboration'),(118,45,44,NULL,'collaboration'),(119,45,119,NULL,'collaboration'),(120,48,36,NULL,'collaboration'),(121,56,10,NULL,'collaboration'),(123,79,78,NULL,'collaboration'),(124,83,77,NULL,'collaboration'),(125,83,14,NULL,'collaboration'),(126,89,31,NULL,'collaboration'),(127,90,283,NULL,'collaboration'),(128,90,255,NULL,'collaboration'),(129,91,283,NULL,'collaboration'),(130,91,277,NULL,'collaboration'),(131,91,345,NULL,'collaboration'),(132,91,252,NULL,'collaboration'),(133,311,345,NULL,'collaboration'),(134,92,276,NULL,'collaboration'),(135,92,283,NULL,'collaboration'),(136,95,24,NULL,'collaboration'),(137,95,126,NULL,'collaboration'),(138,97,122,NULL,'collaboration'),(139,97,133,NULL,'collaboration'),(140,97,126,NULL,'collaboration'),(141,98,283,NULL,'collaboration'),(142,98,116,NULL,'collaboration'),(143,98,123,NULL,'collaboration'),(144,98,313,NULL,'collaboration'),(145,98,252,NULL,'collaboration'),(146,98,345,NULL,'collaboration'),(147,100,126,NULL,'collaboration'),(148,100,116,NULL,'collaboration'),(149,100,265,NULL,'collaboration'),(150,100,6,NULL,'collaboration'),(151,100,344,NULL,'collaboration'),(152,100,36,NULL,'collaboration'),(153,100,97,NULL,'collaboration'),(154,101,276,NULL,'collaboration'),(155,101,124,NULL,'collaboration'),(156,104,278,NULL,'collaboration'),(157,104,272,NULL,'collaboration'),(158,104,97,NULL,'collaboration'),(159,107,36,NULL,'collaboration'),(160,107,123,NULL,'collaboration'),(161,108,96,NULL,'collaboration'),(162,111,110,NULL,'collaboration'),(163,111,126,NULL,'collaboration'),(164,111,20,NULL,'collaboration'),(165,113,28,NULL,'collaboration'),(166,113,27,NULL,'collaboration'),(167,113,117,NULL,'collaboration'),(168,113,35,NULL,'collaboration'),(169,113,36,NULL,'collaboration'),(170,113,131,NULL,'collaboration'),(171,113,37,NULL,'collaboration'),(172,113,268,NULL,'collaboration'),(173,113,38,NULL,'collaboration'),(175,117,113,NULL,'collaboration'),(176,117,118,NULL,'collaboration'),(177,117,344,NULL,'collaboration'),(178,117,6,NULL,'collaboration'),(179,117,116,NULL,'collaboration'),(182,116,317,NULL,'collaboration'),(183,116,345,NULL,'collaboration'),(184,116,21,NULL,'collaboration'),(185,116,26,NULL,'collaboration'),(186,116,325,NULL,'collaboration'),(187,116,123,NULL,'collaboration'),(188,116,118,NULL,'collaboration'),(189,116,34,NULL,'collaboration'),(190,116,135,NULL,'collaboration'),(191,116,119,NULL,'collaboration'),(192,116,113,NULL,'collaboration'),(193,116,265,NULL,'collaboration'),(194,116,100,NULL,'collaboration'),(195,116,269,NULL,'collaboration'),(196,116,278,NULL,'collaboration'),(197,116,124,NULL,'collaboration'),(198,116,36,NULL,'collaboration'),(199,116,32,NULL,'collaboration'),(200,116,138,NULL,'collaboration'),(201,116,6,NULL,'collaboration'),(202,116,327,NULL,'collaboration'),(203,116,11,NULL,'collaboration'),(204,116,97,NULL,'collaboration'),(205,116,93,NULL,'collaboration'),(206,116,50,NULL,'collaboration'),(207,116,311,NULL,'collaboration'),(208,117,113,NULL,'collaboration'),(209,117,35,NULL,'collaboration'),(210,117,36,NULL,'collaboration'),(211,117,131,NULL,'collaboration'),(212,117,37,NULL,'collaboration'),(213,117,268,NULL,'collaboration'),(214,117,38,NULL,'collaboration'),(215,117,138,NULL,'collaboration'),(216,117,116,NULL,'collaboration'),(217,118,34,NULL,'collaboration'),(218,118,113,NULL,'collaboration'),(219,118,117,NULL,'collaboration'),(220,118,35,NULL,'collaboration'),(221,118,36,NULL,'collaboration'),(222,118,131,NULL,'collaboration'),(223,118,37,NULL,'collaboration'),(224,118,268,NULL,'collaboration'),(225,118,38,NULL,'collaboration'),(226,118,345,NULL,'collaboration'),(227,118,311,NULL,'collaboration'),(228,118,39,NULL,'collaboration'),(229,118,52,NULL,'collaboration'),(230,119,124,NULL,'collaboration'),(231,119,19,NULL,'collaboration'),(232,119,345,NULL,'collaboration'),(233,121,92,NULL,'collaboration'),(234,121,317,NULL,'collaboration'),(235,121,116,NULL,'collaboration'),(236,122,283,NULL,'collaboration'),(237,123,122,NULL,'collaboration'),(238,123,47,NULL,'collaboration'),(239,123,345,NULL,'collaboration'),(240,123,27,NULL,'collaboration'),(241,123,28,NULL,'collaboration'),(242,123,135,NULL,'collaboration'),(243,123,29,NULL,'collaboration'),(244,123,34,NULL,'collaboration'),(245,123,131,NULL,'collaboration'),(247,123,276,NULL,'collaboration'),(248,126,124,NULL,'collaboration'),(249,126,283,NULL,'collaboration'),(250,126,276,NULL,'collaboration'),(251,126,116,NULL,'collaboration'),(252,126,113,NULL,'collaboration'),(253,126,21,NULL,'collaboration'),(254,126,36,NULL,'collaboration'),(255,126,271,NULL,'collaboration'),(256,127,126,NULL,'collaboration'),(257,127,37,NULL,'collaboration'),(258,128,43,NULL,'collaboration'),(259,129,128,NULL,'collaboration'),(260,129,51,NULL,'collaboration'),(261,131,122,NULL,'collaboration'),(262,131,117,NULL,'collaboration'),(263,131,35,NULL,'collaboration'),(264,131,36,NULL,'collaboration'),(265,131,37,NULL,'collaboration'),(266,131,268,NULL,'collaboration'),(267,131,34,NULL,'collaboration'),(268,131,118,NULL,'collaboration'),(269,132,311,NULL,'collaboration'),(270,132,283,NULL,'collaboration'),(271,132,345,NULL,'collaboration'),(272,132,317,NULL,'collaboration'),(273,132,133,NULL,'collaboration'),(274,133,97,NULL,'collaboration'),(275,134,31,NULL,'collaboration'),(276,134,283,NULL,'collaboration'),(277,135,327,NULL,'collaboration'),(278,135,283,NULL,'collaboration'),(279,135,276,NULL,'collaboration'),(280,135,126,NULL,'collaboration'),(281,135,13,NULL,'collaboration'),(282,135,120,NULL,'collaboration'),(283,139,276,NULL,'collaboration'),(284,139,283,NULL,'collaboration'),(285,140,252,NULL,'collaboration'),(286,140,313,NULL,'collaboration'),(287,140,283,NULL,'collaboration'),(288,140,340,NULL,'collaboration'),(289,140,116,NULL,'collaboration'),(290,140,123,NULL,'collaboration'),(291,140,98,NULL,'collaboration'),(292,140,324,NULL,'collaboration'),(293,211,313,NULL,'collaboration'),(294,211,252,NULL,'collaboration'),(295,237,344,'Intern','collaboration'),(296,238,252,NULL,'collaboration'),(297,252,283,NULL,'collaboration'),(298,252,116,NULL,'collaboration'),(299,252,340,NULL,'collaboration'),(300,252,123,NULL,'collaboration'),(301,252,313,NULL,'collaboration'),(302,252,283,NULL,'collaboration'),(303,252,116,NULL,'collaboration'),(304,252,340,NULL,'collaboration'),(305,252,123,NULL,'collaboration'),(306,252,313,NULL,'collaboration'),(307,254,283,NULL,'collaboration'),(308,254,255,NULL,'collaboration'),(309,255,90,NULL,'collaboration'),(310,255,61,NULL,'collaboration'),(311,257,283,NULL,'collaboration'),(312,264,283,NULL,'collaboration'),(313,265,52,NULL,'collaboration'),(314,265,344,NULL,'collaboration'),(315,268,113,NULL,'collaboration'),(316,268,117,NULL,'collaboration'),(317,268,35,NULL,'collaboration'),(318,268,36,NULL,'collaboration'),(319,268,131,NULL,'collaboration'),(320,268,37,NULL,'collaboration'),(321,268,268,NULL,'collaboration'),(322,268,38,NULL,'collaboration'),(323,268,118,NULL,'collaboration'),(324,268,34,NULL,'collaboration'),(325,268,327,NULL,'collaboration'),(326,268,126,NULL,'collaboration'),(327,268,276,NULL,'collaboration'),(328,269,275,NULL,'collaboration'),(329,269,344,NULL,'collaboration'),(330,270,9,NULL,'collaboration'),(331,270,266,NULL,'collaboration'),(332,271,283,NULL,'collaboration'),(333,272,14,NULL,'collaboration'),(334,273,6,NULL,'collaboration'),(335,276,101,NULL,'collaboration'),(336,276,101,NULL,'collaboration'),(337,277,116,NULL,'collaboration'),(338,277,283,NULL,'collaboration'),(339,277,265,NULL,'collaboration'),(340,277,344,NULL,'collaboration'),(341,277,280,NULL,'collaboration'),(342,278,317,NULL,'collaboration'),(343,278,126,NULL,'collaboration'),(344,278,283,NULL,'collaboration'),(345,278,276,NULL,'collaboration'),(346,278,116,NULL,'collaboration'),(347,278,325,NULL,'collaboration'),(348,279,311,NULL,'collaboration'),(349,279,344,NULL,'collaboration'),(350,280,113,NULL,'collaboration'),(351,280,283,NULL,'collaboration'),(352,280,21,NULL,'collaboration'),(353,280,126,NULL,'collaboration'),(354,280,325,NULL,'collaboration'),(355,280,310,NULL,'collaboration'),(356,281,126,NULL,'collaboration'),(357,281,349,NULL,'collaboration'),(358,281,26,NULL,'collaboration'),(359,282,349,NULL,'collaboration'),(360,282,26,NULL,'collaboration'),(361,284,302,NULL,'collaboration'),(362,284,134,NULL,'collaboration'),(363,285,140,NULL,'collaboration'),(364,285,252,NULL,'collaboration'),(365,286,116,NULL,'collaboration'),(366,287,325,NULL,'collaboration'),(367,287,317,NULL,'collaboration'),(368,287,126,NULL,'collaboration'),(369,288,317,NULL,'collaboration'),(370,288,325,NULL,'collaboration'),(371,288,26,NULL,'collaboration'),(372,288,116,NULL,'collaboration'),(373,288,324,NULL,'collaboration'),(374,288,118,NULL,'collaboration'),(375,289,126,NULL,'collaboration'),(376,290,126,NULL,'collaboration'),(377,290,349,NULL,'collaboration'),(378,290,26,NULL,'collaboration'),(379,290,116,NULL,'collaboration'),(380,291,283,NULL,'collaboration'),(381,291,116,NULL,'collaboration'),(382,291,123,NULL,'collaboration'),(383,292,317,NULL,'collaboration'),(384,292,325,NULL,'collaboration'),(385,292,26,NULL,'collaboration'),(386,292,116,NULL,'collaboration'),(387,292,324,NULL,'collaboration'),(388,292,118,NULL,'collaboration'),(389,293,299,NULL,'collaboration'),(390,294,116,NULL,'collaboration'),(391,296,283,NULL,'collaboration'),(392,296,123,NULL,'collaboration'),(393,296,118,NULL,'collaboration'),(394,297,283,NULL,'collaboration'),(395,297,324,NULL,'collaboration'),(396,297,252,NULL,'collaboration'),(397,298,317,NULL,'collaboration'),(398,299,255,NULL,'collaboration'),(399,299,84,NULL,'collaboration'),(400,299,68,NULL,'collaboration'),(401,299,65,NULL,'collaboration'),(402,300,97,NULL,'collaboration'),(403,300,283,NULL,'collaboration'),(404,300,116,NULL,'collaboration'),(405,300,340,NULL,'collaboration'),(406,300,98,NULL,'collaboration'),(407,300,313,NULL,'collaboration'),(408,301,324,NULL,'collaboration'),(409,301,345,NULL,'collaboration'),(410,301,118,NULL,'collaboration'),(411,301,34,NULL,'collaboration'),(412,301,116,NULL,'collaboration'),(413,302,317,NULL,'collaboration'),(414,303,264,NULL,'collaboration'),(415,303,317,NULL,'collaboration'),(416,304,126,NULL,'collaboration'),(417,304,116,NULL,'collaboration'),(418,305,252,NULL,'collaboration'),(419,305,324,NULL,'collaboration'),(420,305,338,NULL,'collaboration'),(421,310,324,NULL,'collaboration'),(422,310,97,NULL,'collaboration'),(423,310,279,NULL,'collaboration'),(424,310,118,NULL,'collaboration'),(425,311,345,NULL,'collaboration'),(426,311,283,NULL,'collaboration'),(427,311,276,NULL,'collaboration'),(428,311,116,NULL,'collaboration'),(429,311,123,NULL,'collaboration'),(430,311,53,NULL,'collaboration'),(431,311,344,NULL,'collaboration'),(432,311,345,NULL,'collaboration'),(433,311,91,NULL,'collaboration'),(434,311,279,NULL,'collaboration'),(435,313,283,NULL,'collaboration'),(436,313,211,NULL,'collaboration'),(437,313,134,NULL,'collaboration'),(438,313,138,NULL,'collaboration'),(439,313,123,NULL,'collaboration'),(440,313,338,NULL,'collaboration'),(441,313,116,NULL,'collaboration'),(442,314,126,NULL,'collaboration'),(443,315,126,NULL,'collaboration'),(444,315,278,NULL,'collaboration'),(445,315,317,NULL,'collaboration'),(446,315,123,NULL,'collaboration'),(447,315,116,NULL,'collaboration'),(448,316,116,NULL,'collaboration'),(449,317,22,NULL,'collaboration'),(450,317,283,NULL,'collaboration'),(451,317,276,NULL,'collaboration'),(452,317,116,NULL,'collaboration'),(453,317,126,NULL,'collaboration'),(454,317,26,NULL,'collaboration'),(455,317,318,NULL,'collaboration'),(456,318,316,NULL,'collaboration'),(457,318,116,NULL,'collaboration'),(458,318,325,NULL,'collaboration'),(459,318,339,NULL,'collaboration'),(460,319,317,NULL,'collaboration'),(461,319,325,NULL,'collaboration'),(462,319,339,NULL,'collaboration'),(463,319,116,NULL,'collaboration'),(464,319,272,NULL,'collaboration'),(465,320,126,NULL,'collaboration'),(466,320,122,NULL,'collaboration'),(467,320,27,NULL,'collaboration'),(468,320,26,NULL,'collaboration'),(469,320,116,NULL,'collaboration'),(470,320,325,NULL,'collaboration'),(471,320,339,NULL,'collaboration'),(472,320,123,NULL,'collaboration'),(473,320,50,NULL,'collaboration'),(474,320,294,NULL,'collaboration'),(475,321,320,NULL,'collaboration'),(476,321,316,NULL,'collaboration'),(477,321,116,NULL,'collaboration'),(478,322,116,NULL,'collaboration'),(479,323,317,NULL,'collaboration'),(480,323,283,NULL,'collaboration'),(481,323,116,NULL,'collaboration'),(482,323,123,NULL,'collaboration'),(483,323,345,NULL,'collaboration'),(484,324,34,NULL,'collaboration'),(485,324,118,NULL,'collaboration'),(486,324,34,NULL,'collaboration'),(487,324,118,NULL,'collaboration'),(488,324,116,NULL,'collaboration'),(489,324,123,NULL,'collaboration'),(490,324,98,NULL,'collaboration'),(491,324,313,NULL,'collaboration'),(492,324,340,NULL,'collaboration'),(493,324,119,NULL,'collaboration'),(494,324,327,NULL,'collaboration'),(495,324,311,NULL,'collaboration'),(496,324,344,NULL,'collaboration'),(497,324,6,NULL,'collaboration'),(499,325,339,NULL,'collaboration'),(500,325,26,NULL,'collaboration'),(501,331,317,NULL,'collaboration'),(502,331,99,NULL,'collaboration'),(503,332,327,NULL,'collaboration'),(504,335,1,NULL,'collaboration'),(505,338,137,NULL,'collaboration'),(506,338,283,NULL,'collaboration'),(507,339,325,NULL,'collaboration'),(508,339,116,NULL,'collaboration'),(509,339,26,NULL,'collaboration'),(510,339,126,NULL,'collaboration'),(511,339,317,NULL,'collaboration'),(512,339,325,NULL,'collaboration'),(513,339,116,NULL,'collaboration'),(514,339,26,NULL,'collaboration'),(515,339,126,NULL,'collaboration'),(516,339,278,NULL,'collaboration'),(517,340,283,NULL,'collaboration'),(518,340,116,NULL,'collaboration'),(519,340,123,NULL,'collaboration'),(520,340,313,NULL,'collaboration'),(521,340,98,NULL,'collaboration'),(522,340,252,NULL,'collaboration'),(523,340,345,NULL,'collaboration'),(524,340,138,NULL,'collaboration'),(525,340,117,NULL,'collaboration'),(526,343,344,NULL,'collaboration'),(527,343,6,NULL,'collaboration'),(528,343,311,NULL,'collaboration'),(529,343,138,NULL,'collaboration'),(530,344,100,NULL,'collaboration'),(531,344,283,NULL,'collaboration'),(532,344,276,NULL,'collaboration'),(533,344,126,NULL,'collaboration'),(534,345,346,NULL,'collaboration'),(535,345,327,NULL,'collaboration'),(536,346,124,NULL,'collaboration'),(537,348,266,NULL,'collaboration'),(538,348,8,NULL,'collaboration'),(539,348,110,NULL,'collaboration'),(540,349,26,NULL,'collaboration'),(541,349,287,NULL,'collaboration'),(542,349,126,NULL,'collaboration'),(543,349,283,NULL,'collaboration'),(544,349,116,NULL,'collaboration'),(545,116,283,NULL,'employment'),(546,116,126,NULL,'employment'),(547,123,283,NULL,'employment'),(548,325,317,NULL,'employment'),(549,327,45,NULL,'employment'),(550,327,29,NULL,'employment'),(551,327,135,NULL,'employment'),(552,2,30,NULL,'employment'),(553,350,2,NULL,'employment'),(554,351,6,NULL,'employment'),(555,352,7,NULL,'employment'),(556,353,8,NULL,'employment'),(557,354,12,NULL,'employment'),(558,355,12,NULL,'employment'),(560,357,16,NULL,'employment'),(561,358,16,NULL,'employment'),(562,289,16,NULL,'employment'),(563,339,275,NULL,'employment'),(564,79,17,NULL,'employment'),(565,359,17,NULL,'employment'),(566,360,17,NULL,'employment'),(567,361,19,'Parenthood','collaboration'),(568,361,20,NULL,'employment'),(569,362,20,NULL,'employment'),(570,19,20,NULL,'employment'),(571,364,126,NULL,'collaboration'),(572,364,24,NULL,'employment'),(573,365,6,NULL,'employment'),(574,366,6,NULL,'employment'),(575,113,21,NULL,'employment'),(576,21,117,NULL,'employment'),(577,21,140,NULL,'employment'),(578,367,22,NULL,'employment'),(579,368,23,NULL,'employment'),(580,113,345,'Personal Democracy Forum 2009 Conference','collaboration'),(581,357,116,NULL,'collaboration'),(582,116,16,NULL,'collaboration'),(583,111,116,NULL,'collaboration'),(584,111,299,NULL,'collaboration'),(585,111,283,NULL,'employment'),(586,111,20,NULL,'employment'),(587,375,371,NULL,'relation'),(588,378,324,NULL,'collaboration'),(589,378,34,NULL,'collaboration'),(590,378,48,NULL,'collaboration'),(591,378,327,NULL,'employment'),(592,35,35,NULL,'collaboration'),(593,98,87,NULL,'collaboration'),(594,305,120,'Student.','collaboration'),(595,375,344,'Link.nyc project, starting in 2015','collaboration'),(596,375,269,'Merged with Titan to create Intersection','relation'),(597,140,252,NULL,'employment'),(598,140,317,'Brigade, head of BetaNYC','relation'),(599,387,317,NULL,'collaboration'),(600,388,317,NULL,'collaboration'),(601,389,317,NULL,'collaboration'),(602,390,317,'Brigade','collaboration'),(603,390,317,'Brigade','relation'),(604,391,68,'Consultant','relation'),(605,391,317,'Consultant','relation'),(606,391,293,'Consultant','relation'),(607,391,330,'Organizer','relation'),(608,392,198,'Fiscal Agent & Partner','relation'),(609,392,317,'Brigade','relation'),(610,394,17,'','collaboration'),(611,394,317,NULL,'collaboration'),(612,394,387,NULL,'employment'),(613,396,252,'Participant','relation'),(614,396,397,'Wikipedia Editor','relation'),(615,401,395,'Founder','relation'),(616,402,395,'Affiliate','relation'),(617,403,395,'Affiliate','relation'),(618,400,395,'Affiliate','relation'),(619,401,402,'Co-Founder','relation'),(620,401,400,'Co-Founder','relation'),(621,401,403,'Co-Founder','relation'),(623,405,404,NULL,'employment'),(629,410,400,NULL,'employment'),(630,411,404,NULL,'employment'),(631,395,402,'Affiliate','relation'),(632,395,404,'Affiliate','relation'),(633,412,404,NULL,'collaboration'),(634,412,395,NULL,'relation'),(635,413,395,'Affiliate','relation'),(640,395,406,NULL,'employment'),(641,395,408,NULL,'employment'),(642,395,407,NULL,'employment'),(643,395,409,NULL,'employment'),(644,414,395,'Affiliate','relation'),(645,415,414,NULL,'employment'),(646,415,395,NULL,'relation'),(648,416,402,NULL,'employment'),(649,416,395,'Affiliate','relation'),(650,417,404,NULL,'collaboration'),(651,417,395,NULL,'employment'),(652,418,395,'Affiliate','collaboration'),(653,418,414,'Affiliate','collaboration'),(655,419,99,'Code for America','collaboration'),(656,419,12,NULL,'relation'),(657,420,317,'international partner','collaboration'),(658,421,317,'international partner','collaboration'),(659,422,395,NULL,'employment'),(660,423,395,NULL,'employment'),(661,424,395,NULL,'collaboration'),(662,401,424,'Fellow','collaboration'),(663,401,404,'Advisor','relation'),(664,401,412,'Advisor','relation'),(665,401,413,'Funder','relation'),(666,401,418,'Founder','relation'),(667,401,414,'Co-Founder','relation'),(668,401,406,'Team Member','collaboration'),(669,401,408,'Team Member','collaboration'),(670,401,409,'Team Member','collaboration'),(671,401,415,'Co-Founder','collaboration'),(672,401,416,'Team Member','collaboration'),(673,401,417,'Team Member','collaboration'),(674,401,407,'Team Member','collaboration'),(675,401,410,'Team Member','collaboration'),(676,401,423,'Team Member','collaboration'),(677,401,422,'Team Member','collaboration'),(678,401,405,'Advisor','collaboration'),(679,445,443,NULL,'collaboration'),(680,445,444,NULL,'collaboration'),(681,460,122,NULL,'collaboration'),(682,338,116,NULL,'collaboration'),(683,476,283,NULL,'collaboration'),(684,476,116,NULL,'collaboration'),(685,476,278,NULL,'collaboration'),(686,476,126,NULL,'employment'),(687,477,283,NULL,'collaboration'),(688,477,17,NULL,'collaboration'),(689,477,266,NULL,'collaboration'),(690,477,126,NULL,'collaboration'),(691,491,47,'','collaboration'),(692,491,122,NULL,'collaboration'),(693,472,483,NULL,'collaboration'),(694,430,443,NULL,'collaboration'),(695,430,484,NULL,'collaboration'),(696,430,428,NULL,'collaboration'),(697,430,499,NULL,'collaboration'),(698,520,517,NULL,'collaboration'),(699,444,384,NULL,'collaboration'),(700,444,483,NULL,'collaboration'),(701,444,446,NULL,'collaboration'),(702,445,446,NULL,'collaboration'),(703,445,47,NULL,'collaboration'),(704,440,122,NULL,'collaboration'),(705,440,498,NULL,'collaboration'),(706,440,433,NULL,'collaboration'),(707,440,483,NULL,'collaboration'),(708,520,485,NULL,'collaboration'),(709,520,487,NULL,'collaboration'),(710,520,500,NULL,'collaboration'),(711,520,507,NULL,'collaboration'),(713,536,283,NULL,'collaboration'),(714,536,465,NULL,'collaboration'),(715,536,462,NULL,'collaboration'),(716,537,283,NULL,'collaboration'),(717,537,438,NULL,'collaboration'),(718,537,442,NULL,'collaboration'),(719,538,283,NULL,'collaboration'),(720,539,384,NULL,'collaboration'),(721,539,483,NULL,'collaboration'),(722,540,283,NULL,'collaboration'),(723,540,498,NULL,'collaboration'),(724,111,324,NULL,'employment'),(725,544,112,'Robin Hood hosts Blue Ridge Labs','collaboration'),(726,545,242,'Textizen is in the Granicus app store','collaboration'),(727,542,283,NULL,'employment'),(728,542,324,NULL,'collaboration'),(729,547,317,'Brigade','relation'),(730,548,546,'Conference partner','collaboration'),(731,549,547,'Local Code for America Brigade','relation'),(732,324,91,NULL,'collaboration'),(733,550,324,NULL,'collaboration'),(734,550,95,NULL,'collaboration'),(735,550,24,NULL,'collaboration'),(736,550,283,NULL,'employment'),(737,300,123,NULL,'collaboration'),(738,551,324,NULL,'employment'),(739,551,34,'Colleague','relation'),(740,551,118,'Colleague','relation'),(741,551,356,'Colleague','relation'),(742,552,324,'Community Center for Civic Technology','collaboration'),(743,552,324,NULL,'employment'),(744,552,15,NULL,'employment'),(745,356,324,NULL,'employment'),(746,356,553,NULL,'employment'),(747,356,34,'Colleague','relation'),(748,356,118,'Colleague','relation'),(749,356,553,'Interim COO','collaboration'),(750,356,324,'Chief Community Officer','collaboration'),(751,237,134,'Student','collaboration'),(752,237,324,'Member','collaboration'),(753,237,477,'Data Ambassador','collaboration'),(754,237,343,'Project work with','collaboration'),(755,237,369,'Partner','collaboration'),(756,237,252,'Volunteer','collaboration'),(757,237,300,'Project work with','collaboration'),(758,555,327,NULL,'employment'),(759,237,140,'Co-Instructor','collaboration'),(760,556,237,NULL,'employment');
/*!40000 ALTER TABLE `connection` ENABLE KEYS */;
UNLOCK TABLES;

--
-- Table structure for table `directionalconnection`
--

DROP TABLE IF EXISTS `directionalconnection`;
/*!40101 SET @saved_cs_client     = @@character_set_client */;
/*!40101 SET character_set_client = utf8 */;
CREATE TABLE `directionalconnection` (
  `id` int(11) NOT NULL AUTO_INCREMENT,
  `details` varchar(500) DEFAULT NULL,
  `giver_id` int(11) DEFAULT NULL,
  `receiver_id` int(11) DEFAULT NULL,
  `type` varchar(50) DEFAULT NULL,
  PRIMARY KEY (`id`),
  KEY `giver_id` (`giver_id`),
  KEY `receiver_id` (`receiver_id`),
  CONSTRAINT `directionalconnection_ibfk_1` FOREIGN KEY (`giver_id`) REFERENCES `entity` (`id`),
  CONSTRAINT `directionalconnection_ibfk_2` FOREIGN KEY (`receiver_id`) REFERENCES `entity` (`id`)
) ENGINE=InnoDB AUTO_INCREMENT=22 DEFAULT CHARSET=utf8;
/*!40101 SET character_set_client = @saved_cs_client */;

--
-- Dumping data for table `directionalconnection`
--

LOCK TABLES `directionalconnection` WRITE;
/*!40000 ALTER TABLE `directionalconnection` DISABLE KEYS */;
INSERT INTO `directionalconnection` VALUES (1,NULL,344,91,'data'),(2,NULL,126,239,'data'),(3,NULL,280,276,'data'),(4,NULL,280,279,'data'),(5,NULL,349,281,'data'),(6,NULL,349,282,'data'),(7,NULL,280,283,'data'),(8,NULL,349,283,'data'),(9,NULL,344,284,'data'),(10,NULL,53,284,'data'),(11,NULL,68,299,'data'),(12,NULL,65,299,'data'),(13,NULL,64,299,'data'),(14,NULL,64,299,'data'),(15,NULL,280,315,'data'),(16,NULL,314,315,'data'),(17,NULL,314,317,'data'),(18,NULL,130,335,'data'),(19,NULL,280,477,'data'),(20,NULL,276,477,'data'),(21,'data.lacity.org',549,547,'data');
/*!40000 ALTER TABLE `directionalconnection` ENABLE KEYS */;
UNLOCK TABLES;

--
-- Table structure for table `entity`
--

DROP TABLE IF EXISTS `entity`;
/*!40101 SET @saved_cs_client     = @@character_set_client */;
/*!40101 SET character_set_client = utf8 */;
CREATE TABLE `entity` (
  `id` int(11) NOT NULL AUTO_INCREMENT,
  `name` varchar(100) DEFAULT NULL,
  `nickname` varchar(100) DEFAULT NULL,
  `entitytype` varchar(100) DEFAULT NULL,
  `influence` varchar(100) DEFAULT NULL,
  `employees` int(11) DEFAULT NULL,
  `url` varchar(100) DEFAULT NULL,
  `twitter_handle` varchar(100) DEFAULT NULL,
  `followers` int(11) DEFAULT NULL,
  PRIMARY KEY (`id`)
) ENGINE=InnoDB AUTO_INCREMENT=557 DEFAULT CHARSET=utf8;
/*!40101 SET character_set_client = @saved_cs_client */;

--
-- Dumping data for table `entity`
--

LOCK TABLES `entity` WRITE;
/*!40000 ALTER TABLE `entity` DISABLE KEYS */;
INSERT INTO `entity` VALUES (0,'Yasmin Fodil','Yasmin','Individual','Local',NULL,'http://yasminfodil.com','@yasminfodil',1628),(1,'Berkman Center for Internet and Society ','Berkman Ctr','Non-Profit','Global',185,'http://cyber.law.harvard.edu','@berkmancenter',39089),(2,'Brookings Institution','Brookings','Non-Profit','Global',563,'http://www.brookings.edu','@BrookingsInst',186470),(3,'World Wide Web Consortium','W3C','Non-Profit','Global',86,'http://www.w3.org','@w3c',138340),(4,'John D. and Catherine T. MacArthur Foundation','MacArthur Fdn','Non-Profit','Global',47,'http://www.macfound.org','@macfound',77479),(5,'MoveOn.org','MoveOn.org','Non-Profit','Global',29,'http://front.moveon.org','@MoveOn',142452),(6,'New York City Economic Development Corporation','NYCEDC','Non-Profit','Local',540,'http://www.nycedc.com','@NYCEDC',22480),(7,'CivicLab','CivicLab','Non-Profit','Local',16,'http://www.civiclab.us/','@CivicLabChicago',1117),(8,'Ford Foundation','Ford Fdn','Non-Profit','Global',94,'http://www.fordfoundation.org/ ','@FordFoundation',81787),(9,'John D. Rockefeller Foundation','Rockefeller Fdn','Non-Profit','Global',214,'http://www.rockefellerfoundation.org','@RockefellerFdn',93279),(10,'NYU Interactive Telecommunications Program','NYU ITP','Non-Profit','Local',26,'http://itp.nyu.edu/itp/ ','@ITP_NYU',4434),(11,'Open Data Institute','Open Data Institute','Non-Profit','Global',32,'http://theodi.org','@UKODI',44),(12,'Open Knowledge Foundation','Open Knowledge Fdn','Non-Profit','Global',38,'http://us.okfn.org','@OKFN',31856),(13,'Harvard Kennedy School Center for Democratic Governance and Innovation','Ash Ctr','Non-Profit','Global',100,'http://www.ash.harvard.edu','@HarvardAsh',3713),(14,'Votizen','Votizen','For-Profit','Local',2,'http://www.votizen.com','@votizen',11044),(15,'Democracy.com','Democracy.com','For-Profit','Local',21,'http://democracy.com','@DemocracyCom',1084),(16,'Nextdoor','Nextdoor','For-Profit','Global',94,'https://nextdoor.com','@Nextdoor',13524),(17,'Omidyar Network','Omidyar Network','Non-Profit','Global',65,'http://www.omidyar.com','@OmidyarNetwork',36753),(18,'Alec Ross','Alec Ross','Individual','Global',NULL,'https://www.facebook.com/alec.ross1','@AlecJRoss',367523),(19,'Hillary Clinton','Hillary Clinton','Individual','Global',NULL,'http://www.clintonfoundation.org','@HillaryClinton',4067644),(20,'Clinton Foundation','Clinton Fdn','Non-Profit','Global',675,'http://www.clintonfoundation.org','@ClintonFdn',564282),(21,'Data & Society Research Institute','Data & Society','Non-Profit','Global',24,'http://www.datasociety.net','@data_society',14),(22,'OpenPlans','OpenPlans','Non-Profit','Global',12,'http://openplans.org','@OpenPlans',7426),(23,'Challenge Post','Challenge Post','For-Profit','Global',NULL,'http://challengepost.com','@ChallengePost',12),(24,'Department of Better Technology','DoBT','For-Profit','Global',2,'http://www.dobt.co','@dobtco',1311),(25,'Ron Bouganim','Ron Bouganim','Individual','Global',NULL,'http://codeforamerica.org/people/ron-bouganim/','@ronboug',1071),(26,'Todd Park','Todd Park','Individual','Global',NULL,NULL,'@todd_park',27242),(27,'Joi Ito','Joi Ito','Individual','Global',NULL,'http://joi.ito.com/','@Joi',106642),(28,'Ethan Zuckerman','Ethan Zuckerman','Individual','Global',NULL,'http://www.ethanzuckerman.com/blog/','@EthanZ',39742),(29,'Laurenellen McCann','Laurenellen McCann','Individual','Global',NULL,'http://ellemccann.com/','@elle_mccann',3886),(30,'Peter Singer','Peter Singer','Individual','Global',NULL,NULL,'@peterwsinger',12493),(31,'Michael Flowers','Michael Flowers','Individual','Local',NULL,NULL,NULL,NULL),(32,'Beth Noveck','Beth Noveck','Individual','Global',NULL,NULL,'@bethnoveck',11428),(33,'Tim Berners-Lee','Tim Berners-Lee','Individual','Global',NULL,NULL,'@timberners_lee',213494),(34,'Micah Sifry','Micah Sifry','Individual','Local',NULL,'http://micah.sifry.com/','@Mlsif',13933),(35,'Anil Dash','Anil Dash','Individual','Global',NULL,'http://dashes.com/anil/','@anildash',565987),(36,'Susan Crawford','Susan Crawford','Individual','Global',NULL,NULL,'@scrawford',17131),(37,'Hilary Mason','Hilary Mason','Individual','Global',NULL,'http://www.hilarymason.com/','@hmason',61487),(38,'Baratunde Thurston','Baratunde Thurston','Individual','Global',NULL,'http://baratunde.com/','@baratunde',173262),(39,'Jessica Lawrence','Jessica Lawrence','Individual','Local',NULL,'http://jessicahlawrence.com/','@jessicalawrence',8861),(40,'Ian Kalin','Ian Kalin','Individual','Global',NULL,NULL,'@IanJKalin',1400),(41,'Ellen Miller','Ellen Miller','Individual','Local',NULL,NULL,'@EllnMllr',12665),(42,'Peter Thiel','Peter Thiel','Individual','Global',NULL,NULL,NULL,NULL),(43,'Fraeda Kapor Klein','Fraeda Kapor Klein','Individual','Global',NULL,NULL,NULL,NULL),(44,'Jared Cohen','Jared Cohen','Individual','Global',NULL,NULL,'@jaredcohen',289611),(45,'Eric Schmidt','Eric Schmidt','Individual','Global',NULL,NULL,'@ericschmidt',1167141),(46,'Eric Ries','Eric Ries','Individual','Global',NULL,'http://www.startuplessonslearned.com/','@ericries',232256),(47,'MIT Center for Civic Media','MIT Ctr for Civic Media','Non-Profit','Global',NULL,'http://civic.mit.edu','@civicmit',10823),(48,'Nancy Lublin','Nancy Lublin','Individual','Local',NULL,NULL,'@nancylublin',12411),(49,'Betaworks Studio','Betaworks','For-Profit','Local',19,'http://betaworks.com/','@betaworks',16642),(50,'Codecademy','Codecademy','For-Profit','Global',21,'http://www.codecademy.com/',' @Codecademy',241762),(51,'Level Playing Field Institute','LPFI','Non-Profit','Global',21,'http://www.lpfi.org/','@LPFI',2442),(52,'Girls Who Code','Girls Who Code','Non-Profit','Global',12,'http://girlswhocode.com','@GirlsWhoCode',128950),(53,'New York State Governer\'s Office','NY State','Government','Local',NULL,'http://www.ny.gov/','@NYGovCuomo',160128),(54,'Bloomberg Philanthropies','Bloomberg Philanthropies','Non-Profit','Global',NULL,'http://www.bloomberg.org/','@bloombergdotorg',73101),(55,'Open Society Foundations','Open Society Fdns','Non-Profit','Global',NULL,'http://www.opensocietyfoundations.org/','@opensociety',109288),(56,'Clay Shirky','Clay Shirky','Individual','Global',NULL,'http://www.shirky.com','@cshirky',357483),(57,'World Business Chicago','World Business Chicago','Non-Profit','Local',32,'www.worldbusinesschicago.com','@worldbizchicago',7169),(58,'Chicago Innovation Exchange','Chicago Innovation Exchange','Non-Profit',' for hig',NULL,'https://cie.uchicago.edu/','@ChicagoCIE',2329),(59,'Blue 1647','Blue 1647','Non-Profit','Local',NULL,'http://www.blue1647.com/','@BLUE1647',2586),(60,'Data Science for Social Good','Data Science for Social Good','Non-Profit','Global',NULL,'http://dssg.io/','@datascifellows',12109),(61,'Urban Center for Computation and Data','Urban Ctr for Computation and Data','Non-Profit','Local',NULL,'http://urbanccd.org','@UrbanCCD',727),(62,'Local Initiatives Support Corporation','LISC','Non-Profit','Local',NULL,'http://lisc.org','@LISCChicago',1849),(63,'Chicago Data Visualization User Group','Chicago Data Viz User Group','Non-Profit','Local',NULL,'http://chicagodataviz.wordpress.com/','@ChicagoDataVis',290),(64,'Chicago Open Data Institute','Chicago Open Data Institute','Non-Profit','Local',NULL,'http://odichicago.org/#','@DataInstitute',497),(65,'City Data User Group','City Data User Group','Non-Profit','Local',NULL,'http://www.meetup.com/ChicagoCityData/','@ChicagoCityData',279),(66,'Year Up','Year Up','Non-Profit','Global',NULL,'http://www.yearup.org/','@YearUp',8636),(67,'IC Stars','IC Stars','Non-Profit','Local',NULL,'http://www.icstars.org/','@icstarsChicago',2496),(68,'Smart Chicago Collaborative','Smart Chicago Collaborative','Non-Profit','Local',3,'http://www.smartchicagocollaborative.org/','@SmartChicago',4490),(69,'Founder Institute','Founder Institute','For-Profit','Global',NULL,'http://fi.co/#','@founding',69854),(70,'Illinois Technology Association','Illinois Tech Assoc','Non-Profit','Local',NULL,'https://www.illinoistech.org/','@ITAbuzz',5835),(71,'Built in Chicago','Built in Chicago','Non-Profit','Local',NULL,'http://www.builtinchicago.org/','@BuiltInChicago',25672),(72,'Economic Club of Chicago','Economic Club of Chicago','Non-Profit','Local',8,'http://www.econclubchi.org/','@EconClubChi',366),(73,'Illinois Department of Commerce and Economic Opportunity','Illinois Dept of Commerce','Government','Local',NULL,'http://www.illinois.gov/dceo/Pages/default.aspxq','@IllinoisDCEO',2705),(74,'Argonne National Laboratory','Argonne National Laboratory','Government','Local',NULL,'http://www.anl.gov/','@argonne',35662),(75,'Chicago Public Library Foundation','Chicago Public Library Fdn','Non-Profit','Local',6,'http://www.cplfoundation.org/site/PageServer?pagename=deploymenthome','@chipublib',16480),(76,'Ashton Kutcher','Ashton Kutcher','Individual','Global',NULL,'http://en.wikipedia.org/wiki/Ashton_Kutcher','@aplusk',17098138),(77,'Causes','Causes','For-Profit','Global',41,'https://www.causes.com/','@causes',125919),(78,'Change.org','Change.org','For-Profit',NULL,150,'https://www.change.org/','@Change',1120934),(79,'Pierre Omidyar','Pierre Omidyar','Individual','Global',NULL,'http://en.wikipedia.org/wiki/Pierre_Omidyar','@pierre',530153),(80,'Razoo','Razoo','For-Profit','Local',30,'http://www.razoo.com/','@razoo',14744),(81,'ReAllocate','ReAllocate','Non-Profit','Local',6,'http://reallocate.org/','@reallocate',376),(82,'Ron Conway','Ron Conway','Individual','Global',NULL,'http://en.wikipedia.org/wiki/Ron_Conway','@RonConway',85886),(83,'Sean Parker','Sean Parker','Individual','Global',NULL,'http://en.wikipedia.org/wiki/Sean_Parker','@sparker',424917),(84,'Chicago Mayor\'s Office','Chicago Mayor\'s Office','Government','Local',NULL,'http://www.cityofchicago.org/city/en/depts/mayor.html','@ChicagosMayor',70993),(85,'Mozilla Foundation','Mozilla Fdn','Non-Profit','Global',22,'https://www.mozilla.org/en-US/foundation/','@mozilla',146875),(86,'Dudley Street Neighborhood Initiative','Dudley Street Neighborhood Initiative','Non-Profit','Local',45,'http://dsni.org',NULL,NULL),(87,'Code for Boston','Code for Boston','Non-Profit','Local',NULL,'http://www.meetup.com/Code-for-Boston/','@codeforboston',1592),(88,'Illinois Workforce Investment Board','Illinois Workforce Investment Board','Government','Local',NULL,'http://www.illinoisworknet.com/','@ILworkNet',1897),(89,'Enigma','Enigma','For-Profit','Local',22,'http://enigma.io/','@enigma_io',1642),(90,'Tech Stars','Tech Stars','For-Profit','Global',NULL,'http://www.techstars.com/','@techstars',196208),(91,'Heat Seek NYC','Heat Seek','Non-Profit','Local',NULL,'http://heatseeknyc.com/','@heatseeknyc',313),(92,'San Francisco Citizens Initiative for Technology and Innovation','SF.CITI','Non-Profit','Local',9,'http://www.sfciti.com/','@sfciti',4251),(93,'Thrive Capital','Thrive Cap','For-Profit','Local',NULL,'http://www.thrivecap.com','@ThriveCapital',964),(94,'Peter Frishauf','Peter Frishauf','Individual','Global',NULL,'https://plus.google.com/+PeterFrishauf/about','@pfrishauf',1055),(95,'Adam Becker','Adam Becker','Individual','Global',NULL,'http://ada.mbecker.cc','@adamjacobbecker',764),(96,'Carol Crump','Carol Crump','Individual','Global',NULL,'http://callingallparties.org/carol','@CLAIR0L',187),(97,'The Governance Lab at NYU','GovLab','Non-Profit','Global',26,'http://wagner.nyu.edu/centers/govlab','@TheGovLab',7916),(98,'Fatima Sarah Khalid','Fatima Khalid','Individual','Local',NULL,NULL,'@ksfatima',501),(99,'Sunlight Foundation','Sunlight Fdn','Non-Profit','Global',67,'http://sunlightfoundation.com','@SunFoundation',43169),(100,'Amen Ra Mashariki','Amen Mashariki','Individual','Local',NULL,NULL,'@AMashariki',530),(101,'Palantir','Palantir','For-Profit','Global',1000,'http://www.palantir.com','@PalantirTech',15177),(102,'Amicus','Amicus','For-Profit','Global',4,'http://amicushq.com/','@amicushq',3937),(103,'B. Madhusudan','Madhu','Individual','Local',NULL,NULL,'@bmadhusu',59),(104,'Aidan Feldman','Aidan Feldman','Individual','Global',NULL,'http://api.afeld.me','@aidanfeldman',1896),(105,'Seth Banon','Seth Banon','Individual','Local',NULL,'www.sethbannon.com','@sethbannon',4013),(106,'UrbanDecay aka compost club','UrbanDecay aka compost club','Individual','Local',NULL,'compostclub.marcshifflett.com','@mashcode',143),(107,'Joly MacFie','Joly MacFie','Individual','Global',NULL,'http://isoc-ny.org/p2',NULL,NULL),(108,'Joanna Oltman Smith','Joanna Oltman Smith','Individual','Global',NULL,NULL,'@jooltman',627),(109,'Jefferson Center','Jefferson Center','Non-Profit','Local',2,'jefferson-center.org','@JeffersonCtr',518),(110,'Center for Neighborhood Technology','CNT','Non-Profit','Global',40,'www.cnt.org','@CNT_Tweets',8592),(111,'Erin Simpson','Erin Simpson','Individual','Global',NULL,'https://www.linkedin.com/in/simpsonerin','@heyerinsimpson',421),(112,'Blue Ridge Labs','Blue Ridge','Non-Profit','Local',NULL,'http://labs.robinhood.org/','@BlueRidgeLabs',367),(113,'danah boyd','danah boyd','Individual','Global',NULL,'http://www.danah.org/','@zephporia',101855),(114,'GoldieBlox','GoldieBlox','For-Profit','Global',NULL,'http://www.goldieblox.com','@goldieblox',29254),(115,'Transit Future','Transit Future','Non-Profit','Local',NULL,'http://transitfuture.org/','@transit_future',516),(116,'John Paul Farmer','John Paul Farmer','Individual','Global',NULL,NULL,'@johnpaulfarmer',1783),(117,'Anthony Townsend','Anthony Townsend','Individual','Global',NULL,'http://anthonymobile.com/','@anthonymobile',4770),(118,'Andrew Rasiej','Andrew Rasiej','Individual','Local',NULL,'http://rasiej.com/','@Rasiej',10497),(119,'Anne-Marie Slaughter','Anne-Marie Slaughter','Individual','Global',NULL,NULL,'@SlaughterAM',120494),(120,'Columbia University in the City of New York','Columbia Univ','Non-Profit','Local',3763,'http://www.columbia.edu/','@Columbia',128761),(121,'San Francisco Mayor\'s Office of Civic Innovation','SF Mayor Civic Innovation','Government','Local',6,'http://innovatesf.com/','@SFMOCI',3736),(122,'MIT Media Lab','MIT Media Lab','Non-Profit','Global',512,'http://www.media.mit.edu','@medialab',298306),(123,'Matt Stempeck','Matt Stempeck','Individual','Global',NULL,'http://mattstempeck.com','@mstem',4995),(124,'Department of State','State Dept','Government','Global',13000,'http://www.state.gov','@StateDept',1495208),(125,'Planet Lab','Planet Lab','Non-Profit','Global',9,'http://www.freedomgames.org/','@freedomgamesorg',304),(126,'The White House','White House','Government','Global',468,'http://www.whitehouse.gov/','@WhiteHouse',6787573),(127,'DJ Patil','DJ Patil','Individual','Global',NULL,'https://www.linkedin.com/in/dpatil','@dpatil',28208),(128,'Mitchell Kapor','Mitchell Kapor','Individual','Global',NULL,NULL,'@mkapor',104083),(129,'Steve Case','Steve Case','Individual','Global',NULL,NULL,'@SteveCase',758858),(130,'Boston Mayor\'s Office','Boston Mayor\'s Office','Government','Local',NULL,'http://www.cityofboston.gov/','@marty_walsh',93303),(131,'Nick Grossman','Nick Grossman','Individual','Local',NULL,NULL,'@nickgrossman',5631),(132,'New Amsterdam Ideas','NUAMS','For-Profit','Global',13,'http://www.nuams.com/','@nuams',150),(133,'Open Government Partnership','OGP','Non-Profit','Global',36,'http://www.opengovpartnership.org','@opengovpart',26580),(134,'Center for Urban Science and Progress','CUSP','Non-Profit','Global',45,'http://cusp.nyu.edu/','@NYU_CUSP',1705),(135,'Hollie Russon-Gilman','Hollie Russon-Gilman','Individual','Global',NULL,NULL,'@hrgilman',1204),(136,'DoSomething.org','DoSomething','Non-Profit','Local',NULL,'https://www.dosomething.org/','@dosomething',788192),(137,'General Assembly','General Assembly','For-Profit','Global',9,'https://generalassemb.ly','@GA',87437),(138,'New York University','NYU','Non-Profit','Local',2014,'http://www.nyu.edu/','@nyuniversity',53145),(139,'Center for Technology and Civic Life','CTCL','Non-Profit','Global',4,'techandciviclife.org','@theElectionBuzz',335),(140,'Noel Hidalgo','Noel Hidalgo','Individual','Global',NULL,'http://noneck.org','@noneck',5845),(141,'Acts of Sharing','Acts of Sharing','For-Profit','Global',NULL,'http://actsofsharing.com','@actsofsharing',824),(142,'AlertID','AlertID','For-Profit','Global',NULL,'http://alertid.com','@AlertID',795),(143,'Jumo International','Jumo International','For-Profit','Global',NULL,NULL,NULL,NULL),(144,'Dallant Networks','Dallant Networks','For-Profit','Global',NULL,'http://dallant.net/','@dallant',3149),(145,'Data Docs','Data Docs','Non-Profit','Global',NULL,'http://www.datadocs.org',NULL,NULL),(146,'Junar','Junar','For-Profit','Global',NULL,'www.junar.com',NULL,NULL),(147,'APPCityLife','APPCityLife','For-Profit','Global',NULL,'http://www.appcitylife.com','@appcitylife',722),(148,'DataUY','DataUY','Non-Profit','Global',NULL,'http://www.datauy.org/','@DataUY',1687),(149,'Appfirca International','Appfirca International','For-Profit','Global',NULL,'http://appfrica.com','@appfrica',14276),(150,'Datawrapper','Datawrapper','Non-Profit','Global',NULL,'http://datawrapper.de','@Datawrapper',2205),(151,'Areyoulocal.co.uk','Areyoulocal.co.uk','For-Profit','Global',NULL,'http://www.areyoulocal.co.uk',NULL,NULL),(152,'AskThem.io','AskThem.io','Non-Profit','Global',NULL,'http://askthem.io','@AskThemPPF',532),(153,'Purpose','Purpose','For-Profit','Global',NULL,'http://www.purpose.com/',NULL,NULL),(154,'Aunt Bertha','Aunt Bertha','For-Profit','Global',NULL,'https://www.auntbertha.com','@AuntBertha',2091),(155,'Delib','Delib','For-Profit','Global',NULL,'http://www.delib.net','@DelibThinks',2652),(156,'Kartag','Kartag','For-Profit','Global',NULL,'www.kartag.com',NULL,NULL),(157,'Detroit SOUP','Detroit SOUP','For-Profit','Global',NULL,'http://detroitsoup.com/','@DetroitSOUP',6250),(158,'Carma Car Pool','Carma Car Pool','Non-Profit','Global',NULL,'http://carmacarpool.com','@TeamCarma',2626),(159,'Bang the Table','Bang the Table','For-Profit','Global',NULL,'http://bangthetable.com','@BangtheTable',2212),(160,'Development Seed','Development Seed','For-Profit','Global',NULL,'http://developmentseed.org','@developmentseed',10119),(161,'KEO Films.com','KEO Films.com','For-Profit','Global',NULL,'www.landshare.net','@landshare',8404),(162,'LegCyte','LegCyte','For-Profit','Global',NULL,'http://LegCyte.com','@LegCyte',128),(163,'Brightidea','Brightidea','For-Profit','Global',NULL,'http://www.brightidea.com','@BrightideaHQ',NULL),(164,'DrawLive','DrawLive','For-Profit','Global',NULL,'http://walkit.com/','@walkitcom',1818),(165,'BudgIT','BudgIT','For-Profit','Global',NULL,'http://www.yourbudgit.com',NULL,NULL),(166,'LegiNation','LegiNation','For-Profit','Global',NULL,'www.billtrack50.com','@BillTrack50',887),(167,'BuitenBeter','BuitenBeter','For-Profit','Global',NULL,'http://www.buitenbeter.com','@BuitenBeter',2282),(168,'Embark','Embark','For-Profit','Global',NULL,'http://letsembark.com/','@letsembark',412),(169,'Legistorm','Legistorm','For-Profit','Global',NULL,'www.legistorm.com','www.legistorm.com',NULL),(170,'Buycott','Buycott','For-Profit','Global',NULL,'http://www.buycott.com','@BuycottApp',3573),(171,'Buzzcar','Buzzcar','For-Profit','Global',NULL,'http://www.buzzcar.com/en/','@drivy',3986),(172,'Leihdirwas GmbH','Leihdirwas GmbH','For-Profit','Global',NULL,'www.leihdirwas.de','@Leihdirwas',843),(173,'Environmental Systems Research Institute','ESRI','For-Profit','Global',NULL,'http://www.esri.com/','@Esri',66307),(174,'California Common Sense','California Common Sense','For-Profit','Global',NULL,'http://www.cacs.org','@CACSdotorg',6906),(175,'The Arizona Community Foundation','The Arizona Community Foundation','For-Profit','Global',NULL,'http://www.azfoundation.org',NULL,NULL),(176,'Carloco Limited','Carloco Limited','For-Profit','Global',NULL,'https://www.carloco.com/',NULL,NULL),(177,'Flinc AG','Flinc AG','For-Profit','Global',NULL,'https://flinc.org/','@flinc',2271),(178,'Centrum Cyfrowe Projekt','Centrum Cyfrowe Projekt','For-Profit','Global',NULL,'http://centrumcyfrowe.pl/projekty/otwarte-zabytki/','@centrumcyfrowe',1184),(179,'Lenddo','Lenddo','For-Profit','Global',NULL,'www.lenddo.com',NULL,NULL),(180,'LikeMinded','LikeMinded','For-Profit','Global',NULL,'www.likeminded.org',NULL,NULL),(181,'Change by US','Change by US','Non-Profit','Global',NULL,'http://changeby.us','@ChangeByUs_NYC',2369),(182,'CitiVox','CitiVox','For-Profit','Global',NULL,'http://www.citivox.com','@Citizinvestor',4708),(183,'Citizinvestor','Citizinvestor','For-Profit','Global',NULL,'http://www.citizinvestor.com',NULL,NULL),(184,'CitySourced','CitySourced','For-Profit','Global',NULL,'http://www.citysourced.com','@CitySourced',1350),(185,'CityzenCar','CityzenCar','For-Profit','Global',NULL,'fr.cityzencar.com',NULL,NULL),(186,'Civic Industries','Civic Industries','For-Profit','Global',NULL,'http://civicinsight.com','@CivicInsight',947),(187,'Civinomics','Civinomics','For-Profit','Global',NULL,'https://civinomics.com/splash','@Civinomics',1351),(188,'Comuto','Comuto','For-Profit','Global',NULL,'http://www.covoiturage.fr',NULL,NULL),(189,'Councilpedia','Councilpedia','Non-Profit','Global',NULL,'http://www.citizensunion.org','@CitizensUnionNY',2541),(190,'coUrbanize','coUrbanize','Non-Profit','Global',NULL,'http://www.courbanize.com','@coUrbanize',1621),(191,'Crime Reports','Crime Reports','For-Profit','Global',NULL,'http://crimereports.com',NULL,NULL),(192,'LiquidFeedback','LiquidFeedback','Non-Profit','Global',NULL,'www.liquidfeedback.org','@liquidfeedback',2024),(193,'Living Cities','Living Cities','For-Profit','Global',NULL,'www.livingcities.org',NULL,NULL),(194,'Local Circles','Local Circles','For-Profit','Global',NULL,'Santa Clara, CA',NULL,NULL),(195,'Marinexplore','Marinexplore','For-Profit','Global',NULL,'marinexplore.org',NULL,NULL),(196,'Mighty Software','Mighty Software','For-Profit','Global',NULL,'www.mightybell.com',NULL,NULL),(197,'MindMixer','MindMixer','For-Profit','Global',NULL,'mindmixer.com',NULL,NULL),(198,'Minnesota E-Democracy','Minnesota E-Democracy','Non-Profit','Global',NULL,'www.e-democracy.org','@edemo',1334),(199,'Mypp Media Limited','Mypp Media Limited','For-Profit','Global',NULL,'www.buildingeye.com',NULL,NULL),(200,'Data Utility','Data Utility','For-Profit','Global',NULL,'www.mysociety.org','@mysociety',10178),(201,'Neighboy.ly','Neighboy.ly','For-Profit','Global',NULL,'www.neighbor.ly',NULL,NULL),(202,'Neighborhood Fruit','Neighborhood Fruit','For-Profit','Global',NULL,'www.neighborhoodfruit.com',NULL,NULL),(203,'Neighbor Tree','Neighbor Tree','For-Profit','Global',NULL,'www.neighbortree.com',NULL,NULL),(204,'NextDrop Smart Water Systems','NextDrop Smart Water Systems','Non-Profit','Global',NULL,'http://blog.safecast.org','@safecast',2415),(205,'NoiseTube','NoiseTube','Non-Profit','Global',NULL,'http://noisetube.net',NULL,NULL),(206,'Open Counter Enterprises','Open Counter Enterprises','For-Profit','Global',NULL,'www.opencounter.us',NULL,NULL),(207,'Open North (Citizen Budget)','Open North (Citizen Budget)','For-Profit','Global',NULL,'www.opennorth.ca',NULL,NULL),(208,'Judicata','Judicata','For-Profit','Global',NULL,'http://www.judicata.com',NULL,NULL),(209,'Jayride','Jayride','For-Profit','Global',NULL,'http://jayride.com/',NULL,NULL),(210,'Janaagraha Centre for Citizenship and Democracy','Janaagraha','Non-Profit','Global',NULL,'http://www.janaagraha.org','@Janaagraha1',975),(211,'Yoni Lev','Yoni Lev','Individual','Global',NULL,NULL,'@yonilevv',11),(212,'Sourcemap','Sourcemap','For-Profit','Local',NULL,'http://www.sourcemap.com/',NULL,NULL),(213,'Floodlight','Floodlight','Non-Profit','Global',NULL,'http://www.floodlightproject.org/','@FloodlightStory',197),(214,'FOIA Machine','FOIA Machine','Non-Profit','Global',NULL,'https://www.foiamachine.org/','@FOIAMachine',1513),(215,'Fonds Society Technologies','Fonds Society Technologies','Non-Profit','Global',NULL,'http://www.friendswiththings.com.au/',NULL,NULL),(216,'FriendsWithThings','FriendsWithThings','Non-Profit','Global',NULL,'http://www.friendswiththings.com.au/','@ihavethings',231),(217,'Frontline SMS','Frontline SMS','For-Profit','Global',NULL,'http://www.frontlinesms.com/','@FrontlineSMS',12045),(218,'Fundacion Ciudadano Inteligente','Fundacion Ciudadano Inteligente','Non-Profit','Global',NULL,'http://www.ciudadanointeligente.org/','@ciudadanoi',98017),(219,'Fundacion Ciudadana Civio','Fundacion Ciudadana Civio','Non-Profit','Global',NULL,'http://www.civio.es/en/','@civio',11957),(220,'Spacehive','Spacehive','For-Profit','Global',NULL,'https://spacehive.com/',NULL,NULL),(221,'Fundacja ePanstwo','Fundacja ePanstwo','Non-Profit','Global',NULL,'http://epf.org.pl/','@ePForgpl',440),(222,'Glassy Media','Glassy Media','For-Profit','Global',NULL,'http://www.glassymedia.com/','@Spokepoint',1211),(223,'GOOD Worldwide','GOOD Worldwide','For-Profit','Global',NULL,'http://www.good.is/','@good',966380),(224,'Spare to Share','Spare to Share','For-Profit','Global',NULL,'https://www.asparetoshare.com/',NULL,NULL),(225,'GoodGuide','GoodGuide','For-Profit','Global',NULL,'http://www.goodguide.com/','@GoodGuide',11142),(226,'GovZilla','GovZilla','For-Profit','Global',NULL,'http://www.govzilla.org/','@FDAzilla',1800),(227,'Spending Stories','Spending Stories','Non-Profit','Global',NULL,'http://spendingstories.org/',NULL,NULL),(228,'Sadia Afroz','Sadia Afroz','Individual','Global',NULL,NULL,NULL,NULL),(229,'Spinlister','Spinlister','For-Profit','Global',NULL,'https://www.spinlister.com',NULL,NULL),(230,'SpotCrime','SpotCrime','Non-Profit','Global',NULL,'http://spotcrime.com/','@spotcrime',708),(231,'SpotCrime','SpotCrime','For-Profit','Local',NULL,'http://spotcrime.com/',NULL,NULL),(232,'Stamen Design','Stamen Design','For-Profit','Local',NULL,'http://www.stamen.com/',NULL,NULL),(233,'Stichting Govcom','Stichting Govcom','Non-Profit','Global',NULL,'http://www.govcom.org/',NULL,NULL),(234,'Street Bank','Street Bank','For-Profit','Global',NULL,'http://www.streetbank.com/splash',NULL,NULL),(235,'Sum of Us','Sum of Us','Non-Profit','Global',NULL,'http://sumofus.org/','@SumOfUs',18098),(236,'StreetLend','StreetLend','For-Profit','Global',NULL,'http://www.streetlend.com/','@streetlend',60),(237,'Datapolitan','Datapolitan','For-Profit','Local',1,'www.datapolitan.com','@datapolitan',295),(238,'Terrance Beckett','Terrance Beckett','Individual','Global',NULL,NULL,NULL,NULL),(239,'Exversion','Exversion','For-Profit','Global',NULL,'https://www.exversion.com','@exversiondata',1284),(240,'Ideascale','Ideascale','For-Profit','Global',NULL,'http://ideascale.com/','@ideascale',4195),(241,'Tamyca Carsharing','tamyca Carsharing','For-Profit','Global',NULL,'https://www.tamyca.de','@tamyca_de',1581),(242,'Textizen','Textizen','For-Profit','Global',NULL,'https://www.textizen.com/','@Textizen',995),(243,'OurCommonPlace ','OurCommonPlace ','For-Profit','Global',NULL,'http://www.ourcommonplace.com/info',NULL,NULL),(244,'The Freecycle Network','freecycle.org','Non-Profit','Global',NULL,'https://www.freecycle.org','@Freecycle',18497),(245,'TrustTheVote','TrustTheVote','Non-Profit','Global',NULL,'http://www.trustthevote.org/','@TrustTheVote',283),(246,'Universe','Universe','For-Profit','Global',NULL,'https://www.uniiverse.com','@uniiverse',5652),(247,'Village Defense','Village Defense','For-Profit','Global',NULL,'http://villagedefense.com',NULL,NULL),(248,'Vizzuality','Vizzuality','For-Profit','Global',NULL,'http://www.vizzuality.com/',NULL,NULL),(249,'Voting Information Project','Voting Information Project','Non-Profit','Global',NULL,'https://www.votinginfoproject.org/','@VotingInfo',4801),(250,'Voto Latino','Voto Latino','Non-Profit','Global',NULL,'http://www.votolatino.com/','@votolatino',42513),(251,'Weathermob','Weathermob','For-Profit','Global',NULL,'http://weathermob.me',NULL,NULL),(252,'BetaNYC','BetaNYC','Non-Profit','Global',NULL,'http://beta.nyc','@BetaNYC',2186),(253,'Lucas Museum of Narrative Art ','Lucas Museum of Narrative Art ','Non-Profit','Global',30,'http://www.lucasmuseum.org/museum.html','@lucasmuseum',3654),(254,'Chicagoland Entrepreneurial Center','Chicagoland Entrepreneurial Ctr','Non-Profit','Local',3,'http://www.chicagolandec.org/','@chicagolandec',5479),(255,'1871','1871','Non-Profit','Local',NULL,'http://1871.com','@1871Chicago',34553),(256,'Chicago Architectural Foundation','CAF','Non-Profit','Local',70,'http://www.architecture.org/architecture-chicago/visual-dictionary/a-d/','@chiarchitecture',42495),(257,'TechNexus','TechNexus','For-Profit','Local',NULL,'http://www.technexus.com/','@TechNexus',3332),(258,'Fermilab','Fermilab','Government','Local',1750,'http://www.fnal.gov/','@Fermilab',33146),(259,'Public Allies','Public Allies','Non-Profit','Global',NULL,'http://www.publicallies.org/site/c.liKUL3PNLvF/b.2775807/k.C8B5/About_Us.htm','@PublicAllies',5558),(260,'Teamwork Englewood','Teamwork Englewood','Non-Profit','Local',NULL,'http://www.teamworkenglewood.org/index.html','@tmwkenglewood',644),(261,'Catapult','Catapult','Non-Profit','Local',3,'http://catapultchicago.com','@catapultchi',4074),(262,'Impact Engine','Impact Engine','For-Profit','Local',NULL,'http://theimpactengine.com/','@TheImpactEngine',5110),(263,'Philadelphia Mayor\'s Office of New Urban Mechanics','Philadelphia Mayor\'s Office of New Urban Mechanics','Government','Global',1,NULL,'@UrbanMechanics',2069),(264,'Jeff Friedman','Jeff Friedman','Individual','Global',NULL,NULL,'@Jeff_A_Friedman ',3032),(265,'Kristen Titus','Kristen Titus','Individual','Local',NULL,NULL,'@kristentitus',4063),(266,'John S. and James L. Knight Foundation','Knight Fdn','Non-Profit','Global',67,'http://www.knightfoundation.org','@knightfdn',98279),(267,'Chicagoland Chamber of Commerce','Chicagoland Chamber of Commerce','Non-Profit','Local',48,'http://www.chicagolandchamber.org/wdk_cc/','@ChicagolandCmbr',10611),(268,'Andrew McLaughlin','Andrew McLaughlin','Individual','Global',NULL,'http://andrewmclaughlin.info/','@McAndrew',16339),(269,'Control Group','Control Group','For-Profit','Local',40,'http://www.controlgroup.com/','@controlgroup',1770),(270,'Neighborland','Neighborland','For-Profit','Global',10,'www.neighborland.com','@neighborland',4229),(271,'Socrata','Socrata','For-Profit','Global',170,'http://www.socrata.com; http://dev.socrata.com/','@socrata',8889),(272,'Github','Github','For-Profit','Global',212,'https://government.github.com/','@github',659450),(273,'Challenge Pos','Challenge Post','For-Profit','Global',NULL,'http://challengepost.com','@ChallengePost',12),(274,'Nextdoo','Nextdoor','For-Profit','Global',94,'https://nextdoor.com','@Nextdoor',13524),(275,'O\'Reilly Media','O\'Reilly Media','For-Profit','Global',NULL,'http://oreilly.com','@OReillyMedia',77102),(276,'Google','Google','For-Profit','Global',52069,'https://www.google.com','@google',12290000),(277,'Flatiron School','Flatiron School','For-Profit','Global',NULL,'flatironschool.com','@flatironschool',4979),(278,'18F','18F','Government','Global',120,'https://18f.gsa.gov','@18F',12071),(279,'IBM','IBM','For-Profit','Global',200000,'http://www.ibm.com/us/en/','@IBM',229988),(280,'Department of Commerce','Commerce Dept','Government','Global',43188,'www.commerce.gov','@CommerceGov',165523),(281,'iTriage','iTriage','For-Profit','Global',100,'www.iTriageHealth.com','@iTriage',9669),(282,'PatientsLikeMe','PatientsLikeMe','For-Profit','Global',NULL,'www.patientslikeme.com','@patientslikeme',26529),(283,'Microsoft Corporation','Microsoft','For-Profit','Global',114104,'http://www.microsoft.com','@Microsoft',6982075),(284,'Ontodia','Ontodia','For-Profit','Global',5,'www.ontodia.com','@ontodia',80),(285,'Joel Natividad','Joel','Individual','Global',NULL,NULL,'@jqnatividad',724),(286,'Rachel Haot','Rachel Haot','Individual','Local',NULL,'http://rachelhaot.com/','@rachelhaot',54937),(287,'Aneesh Chopra','Aneesh Chopra','Individual','Global',NULL,NULL,'@aneeshchopra',20095),(288,'Mike Bracken','Mike Bracken','Individual','Global',NULL,NULL,'@MTBracken',14284),(289,'Jeremy Bird','Jeremy Bird','Individual','Global',NULL,NULL,'@jeremybird',29910),(290,'Alex Howard','Alex Howard','Individual','Global',NULL,NULL,'@digiphile',260231),(291,'POPVOX','POPVOX','For-Profit','Global',7,'http://popvox.com','@POPVOX',7625),(292,'UK Government Digital Service','UK GDS','Government','Global',NULL,'https://www.gov.uk/government/organisations/government-digital-service','@gdsteam',71848),(293,'UI LABS','UI LABS','Non-Profit','Local',NULL,'http://www.uilabs.org/','@UILABS_',1679),(294,'Andreessen Horowitz','A16Z','For-Profit','Global',31,'http://a16z.com/','@a16z',176535),(295,'OpenGov','OpenGov','For-Profit','Global',20,'https://www.opengov.com/','@OpenGovInc',1837),(296,'Manhattan Borough President\'s Office','MBPO','Government','Local',50,'www.manhattanbp.nyc.gov','@galeabrewer',10390),(297,'ISOC-NY','ISOC-NY','Non-Profit','Global',0,'http://isoc-ny.org/','@isocny',1252),(298,'Code for Seattle','Code for Seattle','Non-Profit','Local',NULL,'http://codeforseattle.org/','@code4seattle',1),(299,'Adam Hecktman','Adam Hecktman','Individual','Local',NULL,'www.microsoft-chicago.com','@adamhecktman',958),(300,'Luis Daniel','Luis Daniel','Individual','Local',NULL,'luisdaniel.com','luisdaniel12',618),(301,'Andrew Hoppin','ahoppin','Individual','Global',NULL,'globehoppin.com','@ahoppin',4893),(302,'Accela','Accela','For-Profit','Global',650,'http://www.accela.com','@AccelaSoftware',1651),(303,'Mark Headd','Mark Headd','Individual','Global',NULL,'http://civic.io/about/','@mheadd',6407),(304,'Getaround','Getaround','For-Profit','Global',NULL,'http://www.getaround.com/','@Getaround',10317),(305,'Rasmi Elasmar','Rasmi','Individual','Local',NULL,'http://rasmi.io/','@_rasmi_',159),(306,'Beneficent Technology','Beneficent Technology','Non-Profit','Global',NULL,'http://www.benetech.org','@Benetech',2260),(307,'Kiva Microfunds','Kiva Microfunds','For-Profit','Global',NULL,'http://www.kiva.org','',NULL),(308,'Front Porch Forum','Front Porch Forum','Non-Profit','Global',NULL,'http://www.frontporchforum.com/','@frontporchforum',741),(309,'TurboVote','TurboVote','Non-Profit','Global',NULL,'https://turbovote.org','@TurboVote',1882),(310,'Steven Adler','Steve Adler','Individual','Global',NULL,NULL,'@DataGov',777),(311,'New York Tech Meetup','NYTM','Non-Profit','Local',22,'http://nytm.org','@NYTM',19752),(312,'Joe Biden','Joe Biden','Individual','Global',NULL,NULL,'@joebiden',896337),(313,'Ady Sevy','Ady Sevy','Individual','Global',NULL,NULL,'@adysevy',16),(314,'Department of Agriculture','USDA','Government','Global',105778,'www.usda.gov','@USDA',354706),(315,'Mapbox','Mapbox','For-Profit','Global',73,'www.mapbox.com','@mapbox',34420),(316,'The Innovation Project','Innovation Project','Non-Profit','Global',NULL,NULL,'@InnovationProj',0),(317,'Code for America','Code for America','Non-Profit','Global',52,'http://codeforamerica.org/','@codeforamerica',36552),(318,'Puerto Rico','Puerto Rico','Government','Local',NULL,'www.pr.gov',NULL,NULL),(319,'Giancarlo Gonzalez','Giancarlo Gonzalez','Individual','Local',NULL,NULL,'@giangonz',2590),(320,'Brian Forde','Brian Forde','Individual','Global',NULL,NULL,'@BrianForde',3218),(321,'Ania Calderon','Ania Calderon','Individual','Local',NULL,NULL,NULL,NULL),(322,'Aaron Maniam','Aaron Maniam','Individual','Local',NULL,NULL,'@aaronmaniam',615),(323,'Andres Monroy-Hernandez','Andres Monroy-Hernandez','Individual','Global',NULL,'http://www.bing.com/search?q=andres%20monroy-hernandez',NULL,NULL),(324,'Civic Hall','Civic Hall','For-Profit','Global',10,'www.civichall.org','@CivicHall',2934),(325,'Jen Pahlka','Jen Pahlka','Individual','Global',NULL,NULL,'@pahlkadot',21836),(326,'IB5k','IB5k','For-Profit','Global',2,'ib5k.com',NULL,NULL),(327,'New America','New America','Non-Profit','Global',174,'http://www.newamerica.org','@NewAmerica',23765),(328,'MySociety','MySociety','Non-Profit','Global',NULL,'https://www.mysociety.org/',NULL,NULL),(329,'Tom Steinberg','Tom Steinberg','Individual','Global',NULL,NULL,NULL,NULL),(330,'ChiHackNight','ChiHackNight','Non-Profit','Global',NULL,NULL,'@chihacknight',257),(331,'DataMade','DataMade','For-Profit','Global',NULL,'http://datamade.us/','@DataMadeCo',944),(332,'Eric Tyler','Eric Tyler','Individual','Global',NULL,'EricTyler.com','@erict19',2205),(333,'Central Intelligence Agency','CIA','Government','Global',NULL,'http://cia.gov',NULL,NULL),(334,'CivicArchive','CivicArchive','For-Profit','Local',1,'http://CivicArchive.com',NULL,NULL),(335,'Engagement Lab','Engagement Lab','Non-Profit','Global',10,'http://elab.emerson.edu','@EngageLab',1600),(336,'FWD.us','FWD.us','Non-Profit','Global',NULL,'fwd.us',NULL,NULL),(337,'Ryan Wold','Ryan Wold','Individual','Local',NULL,'https://twitter.com/randw','randw',249),(338,'Andela','Andela','For-Profit','Global',NULL,'andela.co','@andela',3720),(339,'Tim O\'Reilly','Tim O\'Reilly','Individual','Global',NULL,NULL,'@timoreilly',1957876),(340,'Ken Chan','Ken Chan','Individual','Local',NULL,NULL,'@thiskenchan',27),(341,'NationBuilder','NationBuilder','For-Profit','Global',120,'http://nationbuilder.com/','nationbuilder',16250),(342,'Amplify Labs','Amplify Labs','For-Profit','Global',3,'http://localdata.com','@GoLocalData',1600),(343,'NYC Dept of Education, Office of Innovation (iZone)','iZone','Government','Global',30,'izonenyc.org','@innovatenycedu',3274),(344,'New York City Mayor\'s Office','NYC Mayor\'s Office','Government','Local',NULL,'http://www1.nyc.gov/nyc-resources/categories/civic-services/general-information/index.page','@nycgov',345059),(345,'Personal Democracy Media','Personal Democracy Media','For-Profit','Global',8,'https://personaldemocracy.com','@pdmteam',8132),(346,'Ushahidi','Ushahidi','Non-Profit','Global',29,'http://www.ushahidi.com','@ushahidi',57652),(347,'New York State Governor\'s Office','NY State','Government','Local',NULL,'http://www.ny.gov/','@NYGovCuomo',160127),(348,'TransitCenter','TransitCenter','Non-Profit','Global',8,'transitcenter.org','transitcenter',1447),(349,'Department of Health and Human Services','HHS','Government','Global',79540,'www.hhs.gov','@HHSgov',546646),(350,'Farzad Mostashari',NULL,'Individual','Global',NULL,NULL,NULL,NULL),(351,'Eric Gertler',NULL,'Individual',NULL,NULL,NULL,NULL,NULL),(352,'Tom Tresser',NULL,'Individual','National',NULL,NULL,NULL,NULL),(353,'Darren Walker',NULL,'Individual','National',NULL,NULL,NULL,NULL),(354,'Rufus Pollock',NULL,'Individual',NULL,NULL,NULL,NULL,NULL),(355,'Mor Rubenstein',NULL,'Individual','National',NULL,NULL,NULL,NULL),(356,'Heidi Sieck',NULL,'Individual','National',NULL,'https://about.me/heidispeaks','@HeidiSpeaks',NULL),(357,'Sarah Leary',NULL,'Individual','National',NULL,NULL,'@sarahleary',4961),(358,'Nirav Tolia',NULL,'Individual','National',NULL,NULL,NULL,NULL),(359,'Alissa Black',NULL,'Individual','National',NULL,NULL,NULL,NULL),(360,'stacy donahue',NULL,'Individual','National',NULL,NULL,NULL,NULL),(361,'Bill Clinton',NULL,'Individual','Global',NULL,NULL,NULL,NULL),(362,'Katie Dowd',NULL,'Individual','National',NULL,NULL,NULL,NULL),(364,'Clay Johnson',NULL,'Individual','National',NULL,NULL,NULL,NULL),(365,'Dmytro Pokhylko',NULL,'Individual','National',NULL,NULL,NULL,NULL),(366,'Kyle Kimball',NULL,'Individual','National',NULL,NULL,NULL,NULL),(367,'Phil Ashlock',NULL,'Individual','National',NULL,NULL,NULL,NULL),(368,'Brandon Kessler',NULL,'Individual','National',NULL,NULL,NULL,NULL),(369,'CartoDB','CartoDB','For-Profit','Global',NULL,'https://cartodb.com','@cartodb',13635),(370,'Vizalytics','Vizalytics','For-Profit','Local',NULL,'http://vizalytics.nyc','@vizalytics',298),(371,'Sidewalk Labs','Sidewalk Labs','For-Profit','Global',NULL,'http://sidewalkinc.com','@sidewalkinc',4797),(372,'Y Combinator','YC','For-Profit','Global',NULL,'http://www.ycombinator.com/','@ycombinator',305412),(373,'Teach For America','TFA','Non-Profit','National',NULL,'https://www.teachforamerica.org/','@teachforamerica',128894),(374,'Los Angeles Mayor\'s Office','LA Mayor','Government','Local',NULL,'http://www.lamayor.org/','@LAMayorsOffice',85942),(375,'Intersection',NULL,'For-Profit','Local',650,NULL,'@intersection_co',790),(376,'Code for Princeton',NULL,'Non-Profit','Local',NULL,'http://www.meetup.com/codeforprinceton','codeprinceton',329),(377,'FWD.us','fwdus','Non-Profit','National',35,'http://fwd.us','@FWD_us',20830),(378,'Jonathan Soros',NULL,'Individual','National',NULL,NULL,'@imjonasaurus',438),(379,'Agora Journalism Center','Agora','Non-Profit','Local',NULL,'http://agora.uoregon.edu/','@sojcagora',106),(380,'NYC Media Lab',NULL,'Non-Profit','Local',3,'http://www.nycmedialab.org','@nycmedialab',4501),(381,'NYC Media Lab',NULL,'Non-Profit','Local',NULL,NULL,NULL,NULL),(382,'Public Knowledge Workshop','HaSadna','Non-Profit','National',2,'http://hasadna.org.il','@hasadna',856),(383,'Public Workshop Knowledge','HaSadna','Non-Profit','National',2,'http://hasadna.org.il','@hasadna',856),(384,'New Urban Mechanics','NUM','Government','Local',NULL,'http://newurbanmechanics.org/boston/','@newurbanmechs',4399),(385,'New Urban Mechanics','NUM','Government','Local',NULL,'http://newurbanmechanics.org/boston/','@newurbanmechs',4399),(386,'Prof Christopher Pettit','Chrisp','Individual','Global',NULL,'https://research.unsw.edu.au/people/dr-christopher-james-pettit','@cpettit47',143),(387,'Code for Pakistan','Code for Pakistan','Non-Profit',NULL,NULL,NULL,NULL,NULL),(388,'CodigoDF','CodigoDF','Non-Profit','Global',NULL,NULL,NULL,NULL),(389,'Code for DE','Code for DE','Non-Profit','Global',NULL,NULL,NULL,NULL),(390,'Civic Data Alliance','Civic Data','Non-Profit','Local',5,'http://www.civicdataalliance.org','civicdataally',453),(391,'Christopher Whitaker','CivicWhitaker','Individual','National',NULL,'http://www.civicwhitaker.com','@civicwhitaker',2837),(392,'Open Twin Cities','OTC','Non-Profit','Local',0,'http://opentwincities.org','@opentwincities',911),(393,'Galaxy Backbone Limited',NULL,'Government',NULL,NULL,NULL,NULL,NULL),(394,'Code for Pakistan','cfp','Non-Profit','Global',15,'http://www.codeforpakistan.org','@codeforpakistan',1400),(395,'Code for Africa','','Non-Profit','Global',12,'https://www.facebook.com/CodeForAfrica','@Code4Africa',1001),(396,'Erika Herzog','Wikipedia User Name:BrillLyle','Individual','Global',NULL,NULL,'@erikaherzog',709),(397,'Wikipedia','Wikipedia','Non-Profit','Global',NULL,'https://www.wikipedia.org/','@Wikipedia',312598),(398,'Wiki Education Foundation','WikiEducation','Non-Profit','National',NULL,'http://wikiedu.org/','@WikiEducation',661),(399,'Justin Arenstein','','Individual','Global',NULL,NULL,'@JustinArenstein',5128),(400,'Code for Nigeria','','Non-Profit','National',10,NULL,'@Code4Nigeria',NULL),(401,'Justin Arenstein','','Individual','Global',NULL,'https://www.linkedin.com/in/justinarenstein','@JustinArenstein',5128),(402,'Code for Kenya','','Non-Profit','National',10,NULL,'@Code4Kenya',382),(403,'Code for Uganda','','Non-Profit','National',NULL,NULL,'@Code4Uganda',NULL),(404,'Code for South Africa','','Non-Profit','National',10,'http://code4sa.org/','@Code4SA',732),(405,'Adi Eyal',NULL,'Individual','National',NULL,NULL,'@SoapSudTycoon',712),(406,'David Lemayian',NULL,'Individual','National',NULL,NULL,'@DavidLemayian',896),(407,'Serah Njambi-Rono',NULL,'Individual','National',NULL,NULL,'@CallMeAlien',1857),(408,'Chris Roper',NULL,'Individual','National',NULL,NULL,'@ChrisRoper',32288),(409,'Stephen Abbott-Pugh',NULL,'Individual','National',NULL,NULL,'@stephen_abbott',3894),(410,'Temi Adeoye',NULL,'Individual','National',NULL,NULL,'@temideoye',84),(411,'Greg Kempe',NULL,'Individual','National',NULL,NULL,'@longhotsummer',400),(412,'Code for Ethiopia',NULL,'Non-Profit','National',5,NULL,'@Code4Ethiopia',69),(413,'Code for Ghana',NULL,'Non-Profit','National',5,'http://www.codeforghana.org/','@CodeforGhana',238),(414,'African Network of Centres for Investigative Reporting',NULL,'Non-Profit','Global',5,'https://www.facebook.com/AfricaInvestigated','@AfricanCIR',550),(415,'Khadija Sharife',NULL,'Individual','Global',NULL,NULL,'@AfricanCIR',550),(416,'Catherine Gicheru',NULL,'Individual','National',NULL,NULL,'@cgicheru1',59),(417,'Ray Joseph',NULL,'Individual','National',NULL,NULL,'@rayjoe',19451),(418,'Hacks/Hackers Africa',NULL,'Non-Profit','Global',NULL,'https://www.facebook.com/HacksHackersAfrica','@HHAfrica',474),(419,'Open Knowledge Foundation Germany','OKFDE','Non-Profit','National',20,'http://okfn.de','@okfde',2884),(420,'Code for Japan','Code for Japan','Non-Profit','National',3,'http://code4japan.org/','codforjp',NULL),(421,'Code for Japan','Code for Japan','Non-Profit','National',3,'http://code4japan.org/','codeforjp',542),(422,'Robin Kiplangat',NULL,'Individual','National',NULL,NULL,'@4bic',281),(423,'Nick Hargreaves',NULL,'Individual','National',NULL,NULL,'@nickhargreaves',765),(424,'International Center for Journalists',NULL,'Non-Profit','Global',50,'http://www.icfj.org/','@ICFJ',22680),(425,'Etalab','Etalab','Government','Global',20,'http://www.etalab.gouv.fr/','@Etalab',14581),(426,'New Urban Mechanics',NULL,'Government','Local',NULL,'http://newurbanmechanics.org/','@newurbanmechs',4399),(427,'Associated Industries of MA',NULL,'For-Profit','Local',NULL,'https://www.aimnet.org/','@AIMBusinessNews',939),(428,'Cambridge Chamber of Commerce',NULL,'For-Profit','Local',NULL,'http://www.cambridgechamber.org/','@CambridgeChambr',1106),(429,'Greater Boston Chamber of Commerce',NULL,'For-Profit','Local',NULL,'http://bostonchamber.com/','@bostonchamber',13439),(430,'Kendall Square Association','KSA','Non-Profit','Local',NULL,'https://www.kendallsq.org/','@kendallnow',2740),(431,'New England Council',NULL,'For-Profit','Local',NULL,'https://newenglandcouncil.com/','@NECouncil',3136),(432,'CEO Club of Boston',NULL,'For-Profit','Local',NULL,'http://www.chiefexecutivedesigns.com/ceoclubofboston/',NULL,NULL),(433,'Mass Business Roundtable',NULL,'For-Profit','Local',NULL,'http://www.maroundtable.com/','@BizRoundtable',21453),(434,'Mass Inc',NULL,'For-Profit','Local',NULL,'https://www.massinc.org/','@MassINC',4797),(435,'Mass Insight',NULL,'Non-Profit','Local',NULL,'http://www.massinsight.org/about/','http://www.massinsight.org/about/',NULL),(436,'Mass Municipal Association',NULL,'Government','Local',NULL,'https://www.mma.org/','@massmunicipal',2618),(437,'NASCIO',NULL,'Non-Profit','National',NULL,'http://www.nascio.org/aboutNASCIO/index.cfm','@NASCIO',2865),(438,'MA Broadband Institute',NULL,'Non-Profit','Local',NULL,'http://broadband.masstech.org/','@MassBroadband',763),(439,'MA Tech Leadership Council',NULL,'For-Profit','Local',NULL,'http://www.masstlc.org/',NULL,NULL),(440,'Mass Tech Collaborative',NULL,'For-Profit','Local',NULL,'http://masstech.org/','@Mass_Tech',2608),(441,'Massachusetts Innovation and Technology Exchange','MITX','For-Profit','Local',NULL,'https://www.mitx.org/','@MITX',8728),(442,'TechNet New England',NULL,'For-Profit','Local',NULL,'http://www.technet.org/about/who-we-are/',NULL,NULL),(443,'Cambridge Innovation Center','CIC','For-Profit','Local',NULL,'http://cic.us/','@cicnow',6556),(444,'District Hall',NULL,'Non-Profit','Local',NULL,'http://districthallboston.org/','@DistrictHall',2720),(445,'Venture Cafe',NULL,'Non-Profit','National',NULL,'http://vencaf.org/','@VentureCafe',9015),(446,'Mass Challenge','MC','Non-Profit','Global',NULL,'http://masschallenge.org/','@MassChallenge',28505),(447,'Space With a Soul',NULL,'Non-Profit','Local',NULL,'http://www.spacewithasoul.org/','@spacewithasoul',1020),(448,'Broad Institute',NULL,'Non-Profit','Local',NULL,'http://www.broadinstitute.org/','@broadinstitute',15469),(449,'Boston Public Schools','BPS','Government','Global',NULL,'http://www.bostonpublicschools.org/site/default.aspx?PageID=1','@BostonSchools',18751),(450,'Cambridge Public Schools',NULL,'Government','Local',NULL,'http://www.cpsd.us/','@cambridge_cpsd',2375),(451,'Massachusetts Business Alliance For Education','MBAE','Non-Profit','Local',NULL,'http://www.mbae.org/','@MBAENews',2664),(452,'Massachusetts Computing Attainment Network','MassCan','Non-Profit','Local',NULL,'http://masscan.edc.org/',NULL,NULL),(453,'MassTLC Ed Foundation',NULL,'Non-Profit','Local',NULL,'http://masstlcef.org/','@masstlcef',294),(454,'Broadening Advanced Technological Education Connections','BAETC','Non-Profit','National',NULL,'http://batec.org/','@BATECcenter',115),(455,'Massachusetts Computer Using Educators','MassCUE','Non-Profit','Local',NULL,'http://www.masscue.org/pages/MassCUE','@masscue',1468),(456,'LearnLaunch Institue',NULL,'Non-Profit','Local',NULL,'http://learnlaunch.org/','@LearnLaunch',3313),(457,'Mass Teacher\'s Association','MTA','Government','Local',NULL,'http://www.massteacher.org/','@massteacher',8681),(458,'Massachusetts Elementary School Principals\' Association','MESPA','Non-Profit','Local',NULL,'http://mespa.org/',NULL,NULL),(459,'Computer Science Teacher\'s Association','CSTA','Non-Profit','National',NULL,'http://www.csta.acm.org/index.html','@csteachersa',2122),(460,'Josh	 Sheldon',NULL,'Individual','Local',NULL,'http://education.mit.edu/about/our-team/josh-sheldon/','@joshsheldon',586),(461,'Breakthrough Greater Boston',NULL,'Non-Profit','Local',NULL,'http://www.breakthroughgreaterboston.org/',NULL,NULL),(462,'Citizen Schools',NULL,'Non-Profit','National',NULL,'http://www.citizenschools.org/','@cschools',10212),(463,'City Year',NULL,'Non-Profit','National',NULL,'http://www.cityyear.org/','@CityYear',26549),(464,'Easterseals Massachusetts',NULL,'Non-Profit','Local',NULL,'http://www.easterseals.com/ma/?referrer=https://www.google.com/','@EasterSealsMA',693),(465,'Boston Museum of Science','MOS','Non-Profit','Local',NULL,'http://www.mos.org/','@museumofscience',27254),(466,'Network for Teaching Entrepreneurship','NFTE','Non-Profit','Global',NULL,'https://www.nfte.com/','@NFTE',7422),(467,'Root Cause',NULL,'For-Profit','Local',NULL,'http://www.rootcause.org/','@RootCause',17009),(468,'Science Club for Girls',NULL,'Non-Profit','Local',NULL,'http://www.scienceclubforgirls.org/','@SCFG',3797),(469,'Timothy Smith Network','TSN','Non-Profit','Local',NULL,'http://www.timothysmithnetwork.org/','@TSNetwork_',64),(470,'Youth Cities',NULL,'Non-Profit','Local',NULL,'http://youthcities.org/','@YouthCITIES',99),(471,'Boston Scholar Athletes',NULL,'Non-Profit','Local',NULL,'https://wearescholarathletes.org/','@BSAzone',716),(472,'The Boston Foundation',NULL,'Non-Profit','Local',NULL,'http://www.tbf.org/','@bostonfdn',8234),(473,'Boston Globe',NULL,'For-Profit','Local',NULL,'https://www.bostonglobe.com/','@BostonGlobe',398438),(474,'Beta Boston',NULL,'For-Profit','Local',NULL,'http://www.betaboston.com/','@bostonbeta',358),(475,'Boston Herald',NULL,'For-Profit','Local',NULL,'http://www.bostonherald.com/','@bostonherald',63623),(476,'Erin Akred',NULL,'Individual','National',NULL,NULL,'@emaneriakred',NULL),(477,'Datakind',NULL,'Non-Profit','Global',8,'http://Datakind.org','@datakind',16197),(478,'Boston Business Journal','BBJ','For-Profit','Local',0,'http://www.bizjournals.com/boston/','@BosBizJournal',41020),(479,'BostInno',NULL,'For-Profit','Local',NULL,'http://bostinno.streetwise.co','@StwiseMedia',95),(480,'WBUR',NULL,'Non-Profit','Local',NULL,'http://www.wbur.org','@WBUR',49865),(481,'WBZ Newsradio',NULL,'For-Profit','Local',NULL,'http://boston.cbslocal.com/station/wbz-news-radio/','@cbsboston',108726),(482,'Xconomy',NULL,'For-Profit','Local',NULL,'http://www.xconomy.com','@Xconomy',19749),(483,'The City of Boston',NULL,'Government','Local',NULL,'http://www.cityofboston.gov','@CityOfBoston',120353),(484,'The City of Cambridge',NULL,'Government','Local',NULL,'https://www.cambridgema.gov','@CambMA',3955),(485,'Boston University','BU','For-Profit','National',NULL,'http://www.bu.edu','@BU_Tweets',61333),(486,'Roxbury Community College',NULL,'For-Profit','National',NULL,'http://www.rcc.mass.edu','@SeeRCC',1041),(487,'Salem State University',NULL,'For-Profit','National',NULL,'https://www.salemstate.edu','@SalemState',6610),(488,'Massachusetts Business Roundtable',NULL,'For-Profit','Local',NULL,'http://www.maroundtable.com','@MABizRoundtable',949),(489,'NetApp',NULL,'For-Profit','National',NULL,'http://www.netapp.com/us/','@NetApp',113674),(490,'MA Department of Elementary and Secondary Education',NULL,'Government','Local',NULL,'http://www.doe.mass.edu','@MASchoolsK12',1613),(491,'Massachusetts Institute of Technology','MIT','For-Profit','Global',NULL,'http://web.mit.edu','@MIT',226126),(492,'WGBH',NULL,'Non-Profit','National',NULL,'http://www.wgbh.org','@wgbh',23987),(493,'Massachusetts Green High Performance Computing Center','MGHPPC','Non-Profit','National',NULL,'http://www.mghpcc.org/about/','@MGHPCC',179),(494,'Jumpstart',NULL,'For-Profit','National',NULL,'https://www.jstart.org/','@Jumpstartkids',9789),(495,'Better Lesson',NULL,'Non-Profit','Local',NULL,'http://betterlesson.com/public/about','@BetterLesson',5859),(496,'Teachers21',NULL,'Non-Profit','Local',NULL,'http://www.teachers21.org/','@Teachers21',712),(497,'AAUW',NULL,'Non-Profit','National',NULL,'http://aauw-ma.aauw.net/',NULL,NULL),(498,'Mass Technology Leadership Council','MassTLC','Non-Profit','National',NULL,'http://www.masstlc.org/','@MassTLC',5883),(499,'Cambridge Science Festival',NULL,'Non-Profit','Local',NULL,'http://www.cambridgesciencefestival.org/Home.aspx','@CSFtweets',3448),(500,'Northeastern University',NULL,'For-Profit','National',NULL,'http://www.northeastern.edu/','@Northeastern',23272),(501,'Wellesley Education Foundation',NULL,'Non-Profit','Local',NULL,'https://www.wellesleyeducationfoundation.org/','@WellesleySTEM',65),(502,'HOME, Inc',NULL,'Non-Profit','Local',NULL,'http://www.homeinc.org/',NULL,NULL),(503,'Boston Dynamics',NULL,'For-Profit','Local',NULL,'http://www.bostondynamics.com/index.html','@BostonDynamics',4151),(504,'Mass Technology Leadership Council','MassTLC','For-Profit','Local',NULL,'http://www.masstlc.org/','@MassTLC',5883),(505,'Massachusetts Department of Higher Education','Mass DHE','Government','Local',NULL,'http://www.mass.edu/','@MassDHE',3174),(506,'Code.org',NULL,'Non-Profit','National',NULL,'https://code.org/about','@codeorg',154808),(507,'Lesley University',NULL,'For-Profit','National',NULL,'http://www.lesley.edu/','@lesley_u',2830),(508,'Bootstrap',NULL,'For-Profit','Local',NULL,'http://bootstrapcompost.com/','@CompostBoston',1131),(509,'UMass Boston',NULL,'For-Profit','National',NULL,'https://www.umb.edu/','@UMassBoston',11512),(510,'Tufts University',NULL,'For-Profit','National',NULL,'http://www.tufts.edu/','@TuftsUniversity',30666),(511,'Envision Technology Advisors',NULL,'For-Profit','National',NULL,'http://www.envisionsuccess.net/','@envisiontech',200),(512,'Boston College','BC','For-Profit','National',NULL,'http://www.bc.edu/','@BostonCollege',49334),(513,'The Young People\'s Project',NULL,'Non-Profit','National',NULL,'http://typp.org/bostoncambridge',NULL,NULL),(514,'InterSystems',NULL,'For-Profit','National',NULL,'http://www.intersystems.com/','@InterSystems',3585),(515,'Orchid Robotics',NULL,'For-Profit','Local',NULL,'http://www.orchidrobotics.com/',NULL,NULL),(516,'Hewlett Packard',NULL,'For-Profit','Global',NULL,'http://www.autonomy.com/work/offices','@HP',928813),(517,'Harvard Kennedy School',NULL,'For-Profit','Global',NULL,'http://www.hks.harvard.edu/','@Kennedy_School',44780),(518,'Wheelock College',NULL,'For-Profit','National',NULL,'http://www.wheelock.edu/','@WheelockCollege',4355),(519,'Tech Goes Home',NULL,'Non-Profit','National',NULL,'http://www.techgoeshome.org/','@TechGoesHome',1389),(520,'Harvard University',NULL,'For-Profit','Global',NULL,'http://www.harvard.edu/','@Harvard',519608),(521,'Massachusetts Technology Transfer',NULL,'Non-Profit','Local',NULL,'http://www.mttc.org/',NULL,NULL),(522,'Black House & Co',NULL,'For-Profit','Local',NULL,'http://black-house.co/index.html','@BlackHouseCo',136),(523,'Emerson College Engagement Lab',NULL,'For-Profit','Global',NULL,'http://engagementgamelab.org/','@EngageLab',1600),(524,'The Capital Network',NULL,'For-Profit','Local',NULL,'http://www.thecapitalnetwork.org/','@TCNupdate',2014),(525,'Green Streets Initiative',NULL,'Non-Profit','Local',NULL,'http://gogreenstreets.org/','@walkridedays',570),(526,'Mass Economics',NULL,'For-Profit','Local',NULL,'http://masseconomics.com/','@MassEconomics',331),(527,'Venture Cafe',NULL,'Non-Profit','National',NULL,'http://vencaf.org/','@VentureCafe',9015),(528,'Brandeis International Business School',NULL,'For-Profit','National',NULL,'https://www.brandeis.edu/global/','@BrandeisIBS',1675),(529,'TiE Boston',NULL,'Non-Profit','Global',NULL,'http://boston.tie.org/','@tieboston',1867),(530,'The City of Somerville',NULL,'Government','Local',NULL,'http://www.somervillema.gov/','@SomervilleCity',12734),(531,'New England Clean Energy Council',NULL,'Non-Profit','Local',NULL,'http://www.necec.org/','@NECEC',5174),(532,'Right To Play',NULL,'Non-Profit','National',NULL,'http://www.righttoplayusa.org/Pages/default.aspx','@RightToPlayUSA',5068),(533,'Massachusetts Digital Games Institute','MassDIGI','Non-Profit','Local',NULL,'http://www.massdigi.org/','@mass_digi',2291),(534,'Boston Redevelopment Authority',NULL,'Government','Local',NULL,'http://www.bostonredevelopmentauthority.org/','@BostonRedevelop',12934),(535,'Women Entrepreneurs in Science & Technology','WEST','Non-Profit','National',NULL,'http://www.westorg.org/','@Sciencewomen',1006),(536,'Aimee Sprung',NULL,'Individual','Local',NULL,NULL,'@asprung',582),(537,'Brian Burke',NULL,'Individual','Local',NULL,NULL,NULL,NULL),(538,'Cathy Wissink',NULL,'Individual','Local',NULL,NULL,'@cathywissink',1984),(539,'Nigel Jacob',NULL,'Individual','Local',NULL,NULL,'@nsjacob',3618),(540,'Annmarie Levins',NULL,'Individual','Local',NULL,NULL,NULL,NULL),(541,'Sasaki Associates',NULL,'For-Profit','Global',NULL,'http://www.sasaki.com/',NULL,NULL),(542,'David Lorente',NULL,'Individual','Global',NULL,NULL,'@davidlrnt',NULL),(543,'Rita Allen Foundation','Rita Allen','Non-Profit','National',NULL,'http://www.ritaallen.org/',NULL,NULL),(544,'Robin Hood Foundation','Robin Hood','Non-Profit','Local',NULL,'https://www.robinhood.org/','@RobinHoodNYC',NULL),(545,'Granicus',NULL,'For-Profit','National',NULL,'http://www.granicus.com/','@granicus',NULL),(546,'Buntwani',NULL,'Non-Profit','Global',NULL,'http://www.buntwani.org/','@Buntwani',NULL),(547,'Hack for LA',NULL,'Non-Profit','Local',NULL,'http://hackforla.org','@hackforla',NULL),(548,'Aspiration Tech',NULL,'Non-Profit','Global',NULL,'https://aspirationtech.org/','@aspirationtech',NULL),(549,'City of Los Angeles',NULL,'Government','Local',57,'http://lacity.org','',NULL),(550,'Nick Gaines',NULL,'Individual','Local',NULL,NULL,NULL,NULL),(551,'Marissa Mlotek',NULL,'Individual','Local',NULL,NULL,'Mbmlotek',NULL),(552,'Heidi Sieck','HeidiSpeaks','Individual','National',NULL,'https://about.me/heidispeaks','@HeidiSpeaks',NULL),(553,'Rock the Vote',NULL,'Non-Profit','National',15,'http://www.rockthevote.com','@RocktheVote',NULL),(554,'#CTZNWELL',NULL,'Non-Profit','National',5,'http://ctznwell.org','@CTZNWELL',NULL),(555,'Georgia Bullen','','Individual','National',NULL,NULL,'@georgiamoon',NULL),(556,'Richard Dunks',NULL,'Individual','Local',NULL,NULL,'@rdunks1',NULL);
/*!40000 ALTER TABLE `entity` ENABLE KEYS */;
UNLOCK TABLES;

--
-- Table structure for table `finance`
--

DROP TABLE IF EXISTS `finance`;
/*!40101 SET @saved_cs_client     = @@character_set_client */;
/*!40101 SET character_set_client = utf8 */;
CREATE TABLE `finance` (
  `id` int(11) NOT NULL AUTO_INCREMENT,
  `entity_id` int(11) DEFAULT NULL,
  `amount` float DEFAULT NULL,
  `year` int(11) DEFAULT NULL,
  `type` varchar(50) DEFAULT NULL,
  PRIMARY KEY (`id`),
  KEY `entity_id` (`entity_id`),
  CONSTRAINT `finance_ibfk_1` FOREIGN KEY (`entity_id`) REFERENCES `entity` (`id`)
) ENGINE=InnoDB AUTO_INCREMENT=172 DEFAULT CHARSET=utf8;
/*!40101 SET character_set_client = @saved_cs_client */;

--
-- Dumping data for table `finance`
--

LOCK TABLES `finance` WRITE;
/*!40000 ALTER TABLE `finance` DISABLE KEYS */;
INSERT INTO `finance` VALUES (1,2,100603000,2012,'revenue'),(2,2,96726300,2012,'expense'),(3,4,454514000,2012,'revenue'),(4,4,297907000,2012,'expense'),(5,5,4267290,2011,'revenue'),(6,5,3662490,2011,'expense'),(7,6,664016000,2011,'revenue'),(8,6,648209000,2011,'expense'),(9,8,453789000,2011,'revenue'),(10,8,616826000,2011,'expense'),(11,9,298878000,2012,'revenue'),(12,9,199357000,2012,'expense'),(13,20,54713000,2012,'revenue'),(14,20,58751900,2012,'expense'),(15,52,1052050,2012,'revenue'),(16,52,124792,2012,'expense'),(17,57,22635000,2012,'revenue'),(18,57,25182300,2012,'expense'),(19,66,69905300,2013,'revenue'),(20,66,57105700,2013,'expense'),(21,67,1631860,2013,'revenue'),(22,67,1497180,2013,'expense'),(23,72,2824050,2012,'revenue'),(24,72,2430660,2012,'expense'),(25,75,3543720,2012,'revenue'),(26,75,5239320,2012,'expense'),(27,81,13651,2011,'revenue'),(28,81,9569,2011,'expense'),(29,85,9046360,2012,'revenue'),(30,85,9822850,2012,'expense'),(31,86,2061210,2013,'revenue'),(32,86,2038720,2013,'expense'),(33,99,7912830,2012,'revenue'),(34,99,7521830,2012,'expense'),(35,120,3685900,2013,'revenue'),(36,120,3460020,2013,'expense'),(37,254,2519000,2012,'revenue'),(38,254,3886000,2011,'revenue'),(39,254,3144000,2012,'expense'),(40,254,1851000,2011,'expense'),(41,255,3886500,NULL,'revenue'),(42,255,1851280,NULL,'expense'),(43,266,113570000,2012,'revenue'),(44,266,130255000,2012,'expense'),(45,267,7179850,2012,'revenue'),(46,267,6916010,2011,'revenue'),(47,267,5442740,2013,'revenue'),(48,267,5442740,2012,'expense'),(49,267,5373240,2013,'expense'),(50,276,66001000000,2014,'revenue'),(51,276,55519000000,2013,'revenue'),(52,276,50175000000,2012,'revenue'),(53,276,37905000000,2011,'revenue'),(54,276,29321000000,2010,'revenue'),(55,283,77849000000,2013,'revenue'),(56,283,86833000000,2014,'revenue'),(57,NULL,371267,2012,'revenue'),(58,NULL,371267,2012,'expense'),(59,317,2961710,2011,'revenue'),(60,317,3003560,2011,'expense'),(61,327,22258200,2012,'revenue'),(62,327,21634800,2012,'expense'),(63,344,75012000000,2014,'revenue'),(64,344,75012000000,2014,'expense'),(65,344,75012000000,NULL,'expense'),(66,346,858233,2012,'revenue'),(67,346,189411,2012,'expense'),(68,348,1622780,2013,'revenue'),(69,348,1101010,2013,'expense'),(70,3,178524000,2013,'revenue'),(71,3,109563000,2013,'expense'),(72,346,3271240,2013,'revenue'),(73,346,2016170,2013,'expense'),(74,293,179691,2013,'revenue'),(75,293,77184,2013,'expense'),(76,309,1520380,2013,'revenue'),(77,309,1233820,2013,'expense'),(78,245,298379,2013,'revenue'),(79,245,173524,2013,'expense'),(80,260,697131,2013,'revenue'),(81,260,658918,2013,'expense'),(82,99,8942880,2013,'revenue'),(83,99,1971310,2013,'expense'),(84,92,410288,2013,'revenue'),(85,92,456571,2013,'expense'),(86,9,205876000,2013,'revenue'),(87,9,223652000,2013,'expense'),(88,81,42843,2013,'revenue'),(89,81,16981,2013,'expense'),(90,259,11809700,2013,'revenue'),(91,259,12086900,2013,'expense'),(92,55,390574000,2013,'revenue'),(93,55,398434000,2013,'expense'),(94,22,2138710,2013,'revenue'),(95,22,3527640,2013,'expense'),(96,17,85433300,2013,'revenue'),(97,17,47484400,2013,'expense'),(98,138,4593360000,2012,'revenue'),(99,138,4194550000,2012,'expense'),(100,311,607248,2013,'revenue'),(101,311,556814,2013,'expense'),(102,6,235581000,2012,'revenue'),(103,6,216138000,2012,'expense'),(104,327,19432700,2013,'revenue'),(105,327,19408400,2013,'expense'),(106,57,178524000,2013,'revenue'),(107,57,109563000,2013,'expense'),(108,NULL,13493700,2013,'revenue'),(109,NULL,13728000,2013,'expense'),(110,85,13493700,2013,'revenue'),(111,85,13728000,2013,'expense'),(112,5,6177740,2012,'revenue'),(113,5,5614210,2012,'expense'),(114,4,430126000,2013,'revenue'),(115,4,286012000,2013,'expense'),(116,253,1729800,2013,'revenue'),(117,253,109717,2013,'expense'),(118,51,3338150,2013,'revenue'),(119,51,3696440,2013,'expense'),(120,62,179691,2013,'revenue'),(121,62,77184,2013,'expense'),(122,109,1479270,2013,'revenue'),(123,109,1385660,2013,'expense'),(124,70,1379750,2014,'revenue'),(125,70,1513620,2014,'expense'),(126,52,1607020,2013,'revenue'),(127,52,727090,2013,'expense'),(128,244,390324,2013,'revenue'),(129,244,196863,2013,'expense'),(130,8,689998000,2013,'revenue'),(131,8,146425000,2013,'expense'),(132,335,3089200,2013,'revenue'),(133,335,2852200,2013,'expense'),(134,198,292310,2013,'revenue'),(135,198,316760,2013,'expense'),(136,72,3089200,2013,'revenue'),(137,72,2852200,2013,'expense'),(138,86,2061210,2012,'revenue'),(139,86,2038720,2012,'expense'),(140,136,8409230,2013,'revenue'),(141,136,6352290,2013,'expense'),(142,21,1368040,2013,'revenue'),(143,21,210571,2013,'expense'),(144,120,4445710000,2012,'revenue'),(145,120,3762250000,2012,'expense'),(146,317,5793600,2012,'revenue'),(147,317,5036500,2012,'expense'),(148,317,148889000,2013,'revenue'),(149,317,64204900,2013,'expense'),(150,75,7005030,2013,'revenue'),(151,75,6629750,2013,'expense'),(152,267,4249630,2014,'revenue'),(153,267,4067650,2014,'expense'),(154,256,13748700,2013,'revenue'),(155,256,13857600,2013,'expense'),(156,261,369173,2013,'revenue'),(157,261,319113,2013,'expense'),(158,2,106527000,2013,'revenue'),(159,2,6957590,2013,'expense'),(160,306,11929600,2013,'revenue'),(161,306,12864500,2013,'expense'),(162,349,NULL,2014,'revenue'),(163,279,NULL,2014,'revenue'),(164,101,NULL,2014,'revenue'),(165,126,NULL,2014,'revenue'),(166,124,NULL,2014,'revenue'),(167,280,NULL,2014,'revenue'),(168,392,30000,2015,'revenue'),(169,392,30000,2015,'expense'),(170,NULL,NULL,2015,'revenue'),(171,NULL,NULL,2015,'expense');
/*!40000 ALTER TABLE `finance` ENABLE KEYS */;
UNLOCK TABLES;

--
-- Table structure for table `fundingconnection`
--

DROP TABLE IF EXISTS `fundingconnection`;
/*!40101 SET @saved_cs_client     = @@character_set_client */;
/*!40101 SET character_set_client = utf8 */;
CREATE TABLE `fundingconnection` (
  `id` int(11) NOT NULL AUTO_INCREMENT,
  `amount` float DEFAULT NULL,
  `year` int(11) DEFAULT NULL,
  `giver_id` int(11) DEFAULT NULL,
  `receiver_id` int(11) DEFAULT NULL,
  `type` varchar(50) DEFAULT NULL,
  PRIMARY KEY (`id`),
  KEY `giver_id` (`giver_id`),
  KEY `receiver_id` (`receiver_id`),
  CONSTRAINT `fundingconnection_ibfk_1` FOREIGN KEY (`giver_id`) REFERENCES `entity` (`id`),
  CONSTRAINT `fundingconnection_ibfk_2` FOREIGN KEY (`receiver_id`) REFERENCES `entity` (`id`)
) ENGINE=InnoDB AUTO_INCREMENT=169 DEFAULT CHARSET=utf8;
/*!40101 SET character_set_client = @saved_cs_client */;

--
-- Dumping data for table `fundingconnection`
--

LOCK TABLES `fundingconnection` WRITE;
/*!40000 ALTER TABLE `fundingconnection` DISABLE KEYS */;
INSERT INTO `fundingconnection` VALUES (1,0,NULL,266,3,'investment'),(2,0,NULL,76,14,'investment'),(3,0,NULL,83,14,'investment'),(4,0,NULL,46,14,'investment'),(5,0,NULL,276,16,'investment'),(6,0,NULL,118,23,'investment'),(7,0,NULL,275,50,'investment'),(8,0,NULL,93,50,'investment'),(9,0,NULL,17,78,'investment'),(10,0,NULL,79,78,'investment'),(11,NULL,2012,17,102,'investment'),(12,0,NULL,294,272,'investment'),(13,0,NULL,118,273,'investment'),(14,0,NULL,276,274,'investment'),(15,0,NULL,339,291,'investment'),(16,0,NULL,93,295,'investment'),(17,0,NULL,294,295,'investment'),(18,NULL,NULL,17,338,'investment'),(19,NULL,NULL,129,338,'investment'),(20,NULL,NULL,294,341,'investment'),(21,NULL,NULL,17,341,'investment'),(23,0,NULL,8,345,'investment'),(24,0,NULL,276,345,'investment'),(25,0,NULL,54,345,'investment'),(26,0,NULL,17,345,'investment'),(27,0,NULL,10,345,'investment'),(28,0,NULL,78,345,'investment'),(30,0,NULL,8,345,'investment'),(31,0,NULL,276,345,'investment'),(32,0,NULL,54,345,'investment'),(33,0,NULL,17,345,'investment'),(34,0,NULL,10,345,'investment'),(35,0,NULL,78,345,'investment'),(36,0,NULL,8,1,'grant'),(37,0,NULL,276,1,'grant'),(38,0,NULL,266,1,'grant'),(39,0,NULL,4,1,'grant'),(40,0,NULL,283,1,'grant'),(41,0,NULL,17,1,'grant'),(42,0,NULL,124,1,'grant'),(43,0,NULL,8,3,'grant'),(44,0,NULL,271,11,'grant'),(45,800847,NULL,17,11,'grant'),(46,0,NULL,266,12,'grant'),(47,0,NULL,17,12,'grant'),(48,0,NULL,8,13,'grant'),(49,0,NULL,266,13,'grant'),(50,0,NULL,9,13,'grant'),(51,0,NULL,283,21,'grant'),(52,0,NULL,4,21,'grant'),(53,0,NULL,8,21,'grant'),(54,0,NULL,276,22,'grant'),(55,0,NULL,266,22,'grant'),(56,0,NULL,266,47,'grant'),(57,0,NULL,266,52,'grant'),(58,0,NULL,276,52,'grant'),(59,0,NULL,101,52,'grant'),(60,0,NULL,45,60,'grant'),(61,0,NULL,85,75,'grant'),(62,0,NULL,68,75,'grant'),(63,0,NULL,4,97,'grant'),(64,0,NULL,266,97,'grant'),(65,0,NULL,276,97,'grant'),(66,750000,NULL,266,99,'grant'),(67,500000,NULL,17,99,'grant'),(68,150000,NULL,8,99,'grant'),(69,2500,NULL,271,99,'grant'),(70,1000,NULL,268,99,'grant'),(71,NULL,NULL,4,110,'grant'),(72,NULL,NULL,9,110,'grant'),(73,NULL,NULL,110,115,'grant'),(74,NULL,NULL,59,115,'grant'),(75,NULL,2015,4,117,'grant'),(76,NULL,2015,266,117,'grant'),(77,0,NULL,8,122,'grant'),(78,0,NULL,266,122,'grant'),(79,0,NULL,4,122,'grant'),(80,0,NULL,55,122,'grant'),(81,600000,NULL,8,133,'grant'),(82,1000000,NULL,17,133,'grant'),(83,400000,NULL,17,133,'grant'),(84,0,NULL,276,137,'grant'),(85,0,NULL,283,137,'grant'),(86,NULL,2015,283,252,'grant'),(87,NULL,2015,317,252,'grant'),(88,NULL,2015,302,252,'grant'),(89,0,NULL,276,255,'grant'),(90,0,NULL,57,255,'grant'),(91,NULL,NULL,4,256,'grant'),(92,NULL,NULL,283,259,'grant'),(93,NULL,NULL,17,259,'grant'),(94,NULL,NULL,9,259,'grant'),(95,NULL,NULL,62,260,'grant'),(96,NULL,NULL,4,260,'grant'),(97,NULL,NULL,6,284,'grant'),(98,NULL,NULL,266,308,'grant'),(99,NULL,NULL,17,309,'grant'),(100,NULL,NULL,4,309,'grant'),(101,NULL,NULL,9,309,'grant'),(102,NULL,2015,276,311,'grant'),(103,NULL,2015,283,311,'grant'),(104,575000,2010,266,315,'grant'),(105,0,NULL,17,317,'grant'),(106,0,NULL,266,317,'grant'),(107,1500000,NULL,276,317,'grant'),(108,0,NULL,4,317,'grant'),(109,0,NULL,46,317,'grant'),(110,0,NULL,283,317,'grant'),(111,NULL,NULL,283,324,'grant'),(112,NULL,NULL,17,324,'grant'),(113,NULL,NULL,276,324,'grant'),(114,0,NULL,276,327,'grant'),(115,0,NULL,283,327,'grant'),(116,0,NULL,4,327,'grant'),(117,0,NULL,8,327,'grant'),(118,0,NULL,9,327,'grant'),(119,NULL,NULL,331,330,'grant'),(120,NULL,NULL,272,330,'grant'),(121,NULL,NULL,317,330,'grant'),(122,NULL,NULL,68,330,'grant'),(123,NULL,2014,99,331,'grant'),(124,NULL,2013,266,331,'grant'),(125,NULL,NULL,330,331,'grant'),(126,NULL,NULL,101,333,'grant'),(127,NULL,NULL,4,335,'grant'),(128,NULL,NULL,266,335,'grant'),(129,300000,2012,266,342,'grant'),(130,NULL,NULL,283,345,'grant'),(131,NULL,NULL,276,345,'grant'),(132,NULL,NULL,17,345,'grant'),(133,NULL,NULL,8,345,'grant'),(134,0,NULL,276,346,'grant'),(135,0,NULL,266,346,'grant'),(136,0,NULL,4,346,'grant'),(137,0,NULL,8,346,'grant'),(138,NULL,2015,276,371,'investment'),(139,NULL,NULL,371,375,'investment'),(140,15000,2015,266,392,'grant'),(141,5500,2015,317,392,'grant'),(142,NULL,2015,17,395,'grant'),(143,NULL,2015,266,395,'grant'),(145,NULL,NULL,266,401,'grant'),(146,NULL,NULL,17,402,'grant'),(147,NULL,NULL,266,402,'grant'),(148,NULL,NULL,395,403,'grant'),(149,NULL,NULL,395,400,'grant'),(150,NULL,2013,124,395,'grant'),(151,NULL,NULL,276,395,'grant'),(152,NULL,2015,17,404,'grant'),(154,NULL,NULL,395,402,'grant'),(155,NULL,NULL,395,404,'grant'),(156,NULL,NULL,395,412,'grant'),(157,NULL,NULL,395,413,'grant'),(158,NULL,NULL,395,414,'grant'),(159,NULL,NULL,55,414,'grant'),(160,NULL,NULL,395,418,'grant'),(161,NULL,NULL,424,395,'grant'),(162,NULL,NULL,424,401,'grant'),(163,NULL,NULL,401,414,'investment'),(164,NULL,NULL,266,477,'grant'),(165,NULL,NULL,17,477,'grant'),(166,NULL,NULL,283,477,'grant'),(167,NULL,2014,543,345,'grant'),(168,NULL,2015,543,152,'grant');
/*!40000 ALTER TABLE `fundingconnection` ENABLE KEYS */;
UNLOCK TABLES;

--
-- Table structure for table `keypeople_table`
--

DROP TABLE IF EXISTS `keypeople_table`;
/*!40101 SET @saved_cs_client     = @@character_set_client */;
/*!40101 SET character_set_client = utf8 */;
CREATE TABLE `keypeople_table` (
  `keyperson_id` int(11) DEFAULT NULL,
  `entity_id` int(11) DEFAULT NULL,
  KEY `keyperson_id` (`keyperson_id`),
  KEY `entity_id` (`entity_id`),
  CONSTRAINT `keypeople_table_ibfk_1` FOREIGN KEY (`keyperson_id`) REFERENCES `keyperson` (`id`),
  CONSTRAINT `keypeople_table_ibfk_2` FOREIGN KEY (`entity_id`) REFERENCES `entity` (`id`)
) ENGINE=InnoDB DEFAULT CHARSET=utf8;
/*!40101 SET character_set_client = @saved_cs_client */;

--
-- Dumping data for table `keypeople_table`
--

LOCK TABLES `keypeople_table` WRITE;
/*!40000 ALTER TABLE `keypeople_table` DISABLE KEYS */;
INSERT INTO `keypeople_table` VALUES (337,1),(130,1),(173,1),(238,1),(489,1),(533,1),(270,1),(214,1),(439,1),(223,1),(515,1),(38,1),(307,1),(366,1),(69,1),(434,1),(539,1),(1,1),(151,2),(277,2),(319,2),(457,2),(331,2),(302,2),(26,2),(31,2),(37,2),(102,2),(377,2),(274,2),(52,2),(245,2),(491,2),(261,3),(48,3),(99,4),(134,5),(297,6),(56,6),(546,6),(324,6),(380,6),(388,7),(1,7),(103,8),(41,8),(24,8),(261,8),(83,8),(542,8),(229,8),(541,8),(280,8),(518,8),(147,8),(97,8),(217,8),(393,8),(356,9),(80,9),(174,10),(69,10),(1,10),(261,11),(207,11),(378,11),(1,11),(293,12),(167,12),(1,12),(371,13),(76,13),(212,13),(353,13),(1,13),(398,14),(241,14),(469,14),(1,14),(42,15),(232,15),(1,15),(63,16),(410,16),(155,16),(181,16),(1,16),(152,17),(367,17),(548,20),(392,20),(476,20),(96,20),(1,20),(366,21),(159,21),(214,21),(407,21),(460,21),(351,21),(130,21),(569,21),(271,21),(213,21),(92,21),(454,21),(275,21),(244,21),(478,21),(553,21),(220,21),(310,21),(69,21),(406,21),(320,21),(111,21),(6,21),(375,21),(307,21),(18,22),(401,23),(1,23),(511,24),(163,24),(404,24),(520,24),(1,24),(407,49),(526,49),(508,49),(340,49),(193,49),(1,49),(45,50),(507,50),(500,50),(1,50),(144,51),(374,52),(145,52),(482,53),(199,53),(1,53),(94,54),(473,54),(1,54),(98,55),(532,55),(67,57),(197,57),(208,57),(318,57),(534,57),(205,58),(450,58),(300,58),(64,58),(258,58),(61,58),(186,58),(1,58),(418,59),(529,59),(148,59),(15,59),(62,59),(472,59),(1,59),(325,60),(123,60),(285,60),(498,60),(433,60),(3,60),(13,60),(571,60),(153,60),(1,60),(153,61),(325,61),(571,61),(50,61),(543,61),(531,61),(346,61),(565,61),(161,61),(424,61),(506,61),(17,61),(78,61),(477,61),(344,61),(289,61),(123,61),(1,61),(333,62),(490,62),(453,62),(46,62),(74,62),(73,62),(187,62),(468,62),(88,62),(399,62),(211,62),(465,62),(179,62),(264,62),(176,62),(437,62),(497,63),(1,63),(137,64),(519,64),(254,64),(523,64),(204,64),(428,64),(215,64),(1,64),(284,65),(1,65),(467,66),(570,66),(142,66),(441,66),(485,66),(554,66),(462,66),(121,66),(185,66),(27,67),(248,67),(421,67),(1,67),(347,68),(552,68),(555,68),(1,68),(492,71),(483,71),(359,71),(1,71),(294,72),(361,72),(139,72),(357,72),(369,72),(335,72),(202,72),(135,72),(127,72),(122,73),(1,73),(180,74),(19,74),(108,74),(28,74),(303,74),(196,74),(299,74),(1,74),(250,75),(452,75),(36,75),(556,75),(55,75),(415,75),(2,75),(372,75),(469,77),(279,77),(309,77),(389,77),(321,77),(431,77),(5,77),(442,77),(312,77),(1,77),(455,78),(68,78),(242,78),(129,78),(119,78),(567,78),(228,78),(301,78),(118,78),(117,78),(115,78),(1,78),(233,80),(57,80),(49,80),(479,80),(503,80),(1,80),(423,81),(183,81),(334,81),(566,81),(521,81),(82,81),(446,85),(368,85),(530,85),(451,85),(184,85),(124,85),(122,88),(314,88),(1,88),(110,89),(9,89),(440,89),(496,89),(1,89),(365,90),(257,90),(395,90),(394,90),(39,90),(1,90),(72,91),(448,91),(1,91),(387,92),(537,92),(278,92),(272,93),(288,93),(154,93),(249,93),(1,93),(348,97),(1,97),(251,99),(256,99),(164,99),(152,99),(553,99),(341,101),(266,101),(32,101),(87,101),(362,101),(316,102),(336,102),(1,102),(235,106),(1,106),(81,109),(438,110),(522,110),(474,110),(150,110),(391,110),(475,110),(358,110),(1,110),(284,111),(311,111),(1,111),(269,112),(412,114),(1,114),(501,115),(165,115),(551,115),(255,115),(295,115),(376,115),(70,115),(210,115),(538,115),(143,115),(390,115),(175,115),(268,115),(1,115),(327,120),(35,121),(201,121),(53,121),(296,121),(33,121),(409,121),(383,121),(1,121),(530,122),(307,122),(1,122),(392,124),(384,124),(136,124),(66,125),(430,125),(234,125),(413,125),(1,125),(461,126),(548,126),(392,126),(370,126),(106,126),(168,126),(348,126),(275,126),(422,126),(170,126),(549,126),(364,126),(23,126),(286,126),(443,126),(160,126),(96,126),(353,126),(306,130),(198,130),(1,130),(219,132),(1,132),(95,133),(350,133),(10,133),(166,133),(1,133),(527,134),(524,134),(1,134),(182,137),(405,137),(230,137),(471,137),(1,137),(352,138),(174,138),(69,138),(162,138),(397,139),(510,139),(315,139),(1,139),(456,237),(1,237),(79,239),(1,239),(171,252),(236,252),(4,252),(544,252),(140,252),(1,252),(444,253),(379,254),(545,254),(8,254),(304,254),(282,254),(85,254),(354,254),(93,254),(1,254),(189,255),(265,255),(305,255),(525,255),(436,255),(34,255),(480,255),(252,255),(216,255),(400,255),(8,255),(85,255),(354,255),(1,255),(342,256),(243,256),(308,257),(281,257),(1,257),(190,258),(1,258),(227,259),(149,259),(322,259),(536,260),(513,260),(408,260),(116,260),(90,261),(484,261),(128,261),(226,261),(59,261),(169,261),(435,261),(20,261),(100,261),(77,261),(192,262),(114,262),(112,262),(172,262),(416,262),(178,262),(125,262),(432,262),(429,262),(1,262),(449,263),(1,263),(373,266),(512,266),(1,266),(43,267),(540,267),(247,267),(246,267),(239,267),(75,269),(514,269),(101,269),(113,269),(488,269),(419,269),(382,269),(1,269),(141,270),(25,270),(262,270),(1,270),(16,271),(1,271),(535,272),(292,272),(487,272),(323,272),(459,272),(156,272),(345,272),(40,272),(253,272),(1,272),(401,273),(1,273),(63,274),(410,274),(155,274),(181,274),(1,274),(259,275),(547,275),(338,275),(1,275),(105,276),(13,276),(384,276),(30,276),(381,276),(1,276),(157,278),(463,278),(291,278),(339,278),(195,278),(561,278),(287,278),(132,278),(560,278),(177,278),(466,278),(91,278),(370,278),(107,278),(1,278),(51,279),(481,279),(194,280),(458,280),(86,280),(267,281),(1,281),(366,283),(158,283),(411,283),(11,283),(44,283),(284,283),(328,283),(106,283),(502,284),(65,284),(1,284),(126,291),(494,291),(259,291),(1,291),(326,292),(1,292),(499,294),(138,294),(221,294),(493,294),(47,294),(7,294),(60,294),(71,294),(1,294),(133,295),(550,295),(313,295),(21,295),(1,295),(528,296),(402,296),(1,296),(509,297),(517,297),(1,297),(284,299),(1,299),(349,302),(553,311),(406,311),(330,311),(445,314),(1,314),(12,315),(1,315),(106,316),(22,316),(206,316),(1,316),(168,317),(84,317),(109,317),(329,317),(152,317),(275,317),(259,317),(562,317),(511,317),(240,318),(1,318),(553,324),(406,324),(232,324),(1,324),(209,326),(414,326),(1,326),(120,327),(332,327),(495,327),(353,327),(164,327),(275,327),(426,327),(420,327),(427,327),(146,327),(298,327),(568,327),(504,327),(218,327),(563,327),(89,327),(539,327),(355,327),(13,327),(14,327),(260,334),(1,334),(425,335),(273,335),(557,335),(360,338),(222,338),(317,338),(231,338),(1,338),(225,341),(1,341),(224,342),(54,342),(200,342),(505,343),(263,343),(464,343),(237,343),(104,343),(417,343),(403,343),(343,343),(1,343),(447,344),(191,344),(559,344),(145,344),(131,344),(486,344),(203,344),(29,344),(516,344),(1,344),(406,345),(553,345),(386,346),(558,346),(482,347),(199,347),(363,348),(188,348),(385,349),(572,370),(573,370),(574,370),(575,371),(576,371),(577,372),(578,372),(584,376),(585,376),(586,376),(587,376),(590,377),(589,377),(588,377),(591,379),(592,379),(593,380),(594,380),(595,380),(596,382),(597,382),(598,382),(599,382),(602,383),(600,383),(603,383),(601,383),(604,383),(605,384),(606,384),(607,385),(608,385),(609,375),(610,375),(611,15),(612,15),(613,390),(615,390),(616,390),(614,390),(619,392),(618,392),(617,392),(620,394),(621,394),(622,394),(631,400),(632,402),(633,403),(634,404),(635,412),(637,419),(638,419),(636,419),(639,420),(640,420),(641,420),(643,421),(642,421),(644,421),(645,425),(646,426),(647,426),(648,427),(649,428),(650,429),(651,429),(652,430),(653,430),(654,430),(655,431),(656,432),(657,433),(658,434),(659,435),(660,435),(661,435),(662,436),(663,437),(664,438),(665,439),(666,440),(667,441),(668,442),(669,443),(670,443),(671,444),(674,444),(672,444),(673,444),(675,445),(676,445),(677,445),(678,445),(680,446),(682,446),(679,446),(681,446),(683,447),(684,448),(685,448),(686,449),(687,450),(688,451),(690,452),(689,452),(691,453),(692,454),(693,455),(694,456),(695,457),(696,458),(697,459),(698,459),(699,461),(700,462),(701,463),(702,464),(704,465),(703,465),(705,466),(706,467),(707,467),(708,468),(709,469),(710,470),(711,471),(712,471),(713,472),(714,473),(715,473),(717,474),(716,474),(718,475),(719,477),(720,477),(721,478),(722,479),(723,480),(724,481),(725,482),(726,483),(727,484),(728,485),(730,486),(734,487),(735,465),(736,465),(737,465),(738,488),(739,489),(740,484),(741,490),(742,491),(743,492),(744,493),(745,494),(746,495),(747,450),(748,496),(749,497),(750,465),(751,498),(752,499),(753,500),(754,501),(755,502),(756,503),(757,504),(758,504),(759,484),(760,440),(761,497),(762,450),(763,504),(764,505),(765,506),(766,507),(767,508),(768,509),(769,510),(770,511),(771,512),(772,427),(773,513),(774,514),(775,450),(776,515),(777,516),(778,517),(779,518),(780,519),(781,520),(782,521),(783,522),(784,523),(785,524),(786,525),(787,526),(788,527),(789,528),(790,529),(791,530),(792,531),(793,532),(794,534),(795,535),(796,324),(797,547),(798,547),(799,549),(800,553),(801,553),(802,554);
/*!40000 ALTER TABLE `keypeople_table` ENABLE KEYS */;
UNLOCK TABLES;

--
-- Table structure for table `keyperson`
--

DROP TABLE IF EXISTS `keyperson`;
/*!40101 SET @saved_cs_client     = @@character_set_client */;
/*!40101 SET character_set_client = utf8 */;
CREATE TABLE `keyperson` (
  `id` int(11) NOT NULL AUTO_INCREMENT,
  `name` varchar(100) DEFAULT NULL,
  PRIMARY KEY (`id`)
) ENGINE=InnoDB AUTO_INCREMENT=803 DEFAULT CHARSET=utf8;
/*!40101 SET character_set_client = @saved_cs_client */;

--
-- Dumping data for table `keyperson`
--

LOCK TABLES `keyperson` WRITE;
/*!40000 ALTER TABLE `keyperson` DISABLE KEYS */;
INSERT INTO `keyperson` VALUES (0,'Marissa Mlotek'),(1,'Tim Phillips'),(2,'Cheryl Walker'),(3,'Rob Mitchum'),(4,'Volkan Unsal'),(5,'Matt Wilson'),(6,'Janet A. Vertesi'),(7,'Jeff Jordan'),(8,'Kristi Dula'),(9,'Craig Danton'),(10,'Rakesh Rajani'),(11,'Annmarie Levins'),(12,'Eric Gundersen'),(13,'Eric Schmidt'),(14,'Eric Tyler'),(15,'Ray Lambert'),(16,'Kevin Merritt'),(17,'Mario Luis Smal'),(18,'Mark Gorton'),(19,'Alfred Sattelberger'),(20,'Galen Mason'),(21,'Dakin Sloss'),(22,'Quintan Wiktorowicz'),(23,'Nick Sinai'),(24,'Kofi Appenteng'),(25,'Candy Chang'),(26,'Kimberly Churches'),(27,'Sandee Kastrul'),(28,'Mark Peters'),(29,'Jessica Singleton'),(30,'Ginny Hunt'),(31,'Kemal Dervis'),(32,'Joe Lonsdale'),(33,'Jake Levitas'),(34,'Diana Lopez-Obaldo'),(35,'Jay Nath'),(36,'Beth Zachara'),(37,'Ona Alston Dosunmu'),(38,'Jonathan Zittrain'),(39,'Steve Farsht'),(40,'Tom Preston-Werner'),(41,'Darren Walker'),(42,'Talmage Cooley'),(43,'Theresa Mintle'),(44,'Cathy Wissink'),(45,'Zach Sims'),(46,'Barbara Beck'),(47,'Scott Weiss'),(48,'Jeffrey Jaffe'),(49,'Bryce Melvin'),(50,'Brett Goldstein'),(51,'Sam Palmisano'),(52,'Ted Piccone'),(53,'Rebecca Center Foster'),(54,'Prashant Singh'),(55,'Nancy Lynn'),(56,'Benjamin Branham'),(57,'Patrick Lardin'),(58,'Peter Singer'),(59,'Jay Rudman'),(60,'Margit Wennmachers'),(61,'Wendy Jones'),(62,'George Geiger'),(63,'Nirav Tolia'),(64,'Tom Ancona'),(65,'Sami Biag'),(66,'Eve Tulbert'),(67,'Jeff Malehorn'),(68,'Jennifer Dulsky'),(69,'Clay Shirky'),(70,'Steve Schlickman'),(71,'Benedict Evans'),(72,'William Jeffries'),(73,'Monita Blunt'),(74,'Keri Blackwell'),(75,'Campbell Hyers'),(76,'Marty Mauzy'),(77,'Kris Chinosorn'),(78,'Doug Pancoast'),(79,'Marianne Bellotti'),(80,'Judith Rodin'),(81,'Kyle Bozentko'),(82,'Roy Hardiman'),(83,'Martin Eakes'),(84,'Shona Brown'),(85,'Josie Pike'),(86,'Lynn Overmann'),(87,'Stephen Cohen'),(88,'Caroline Goldstein'),(89,'Benjamin Lennett'),(90,'April Lane'),(91,'Garren Givens'),(92,'Joichi Ito'),(93,'Una Pipic'),(94,'Michael Bloomberg'),(95,'Dr. IR. Kuntoro Mangkusubroto'),(96,'Katie Dowd'),(97,'N. R. Narayana Murthy'),(98,'George Soros'),(99,'Robert Gallucci'),(100,'Chris Cain'),(101,'Scott Anderson'),(102,'Ted Gayer'),(103,'Irene Hirano Inouye'),(104,'Angelina Lopez'),(105,'Larry Page'),(106,'John Paul Farmer'),(107,'Steven VanRoekel'),(108,'Paul Kearns'),(109,'Nigel Jacob'),(110,'Marc DaCosta'),(111,'Baratunde Thurston'),(112,'Jessia Droste Yagan'),(113,'Toby Boudreaux'),(114,'Linda Darragh'),(115,'Brenton Gieser'),(116,'Demond Drummer'),(117,'David Hanrahan'),(118,'Benjamin Joffe-Walt'),(119,'Danny Moldovan'),(120,'Anne-Marie Slaughter'),(121,'Sandra Stark'),(122,'Adam Pollet'),(123,'Matt Gee'),(124,'Ronaldo Lemos'),(125,'Elizabeth Riley'),(126,'Marci Harris'),(127,'Emily Whelchel'),(128,'Kelsey Mazeski'),(129,'Amanda Levy'),(130,'Susan Crawford'),(131,'Robert Richardson'),(132,'Aiden Feldman'),(133,'Zac Bookman'),(134,'Justin Ruben'),(135,'Megan Nash'),(136,'Alec Ross'),(137,'Paul Baker'),(138,'Ben Horowitz'),(139,'Katie Esposito'),(140,'Alyssa Wright'),(141,'Dan Parham'),(142,'Noel Anderson'),(143,'Karen Walker'),(144,'Jarvis Sulcer'),(145,'Kristen Titus'),(146,'Thomas Gideon'),(147,'Thurgood Marshall Jr.'),(148,'Jerome Dishman'),(149,'Cris Ros Dukler'),(150,'Jacky Grimshaw'),(151,'Strobe Talbot'),(152,'Stacy Donohue'),(153,'Charlie Catlett'),(154,'Will Gaybrick'),(155,'Sarah Leary'),(156,'Vlado Herman'),(157,'Aaron Snow'),(158,'Brad Smith'),(159,'Anil Dash'),(160,'Aneesh Chopra'),(161,'Keith Besserud'),(162,'Mayor\'s Office of Data Analytics'),(163,'Adam Becker'),(164,'Laurenellen McCann'),(165,'Carole Brown'),(166,'Suneeta Kaimal'),(167,'Karin Christiansen'),(168,'Jen Pahlka'),(169,'Vishal Shah'),(170,'Cristin Dorgelo'),(171,'Noel Hidalgo'),(172,'Valerie Hedge'),(173,'John Deighton'),(174,'Dan O\'Sullivan'),(175,'Bob Weissbourd'),(176,'Alba Santillan'),(177,'Justin Grevich'),(178,'Greg Lernihan'),(179,'Jennifer McClain'),(180,'Peter Littlewood'),(181,'Dan Clancy'),(182,'Adam Pritzker'),(183,'Timothy Lipton'),(184,'Cathy Davidson'),(185,'Sue Meehan'),(186,'Wolfgan Connell'),(187,'Chris Brown'),(188,'Shin-pei Tsay'),(189,'George Vukotich'),(190,'Nigel Lockyer'),(191,'Jeff Merritt'),(192,'Dennis Barsema'),(193,'Janet Balis'),(194,'Penny Pritzker'),(195,'Greg Godbout'),(196,'Stephen Streiffer'),(197,'Carolyn Phillips'),(198,'Nigel Jacobs'),(199,'Rachel Haot'),(200,'Matt Hampel'),(201,'Shannon Spanhake'),(202,'Andrew Leasure'),(203,'Minerva Tantoco'),(204,'Elnaz Moshfeghian'),(205,'John Flavin'),(206,'David Lefer'),(207,'Nigel Shadbolt'),(208,'John Ramirez'),(209,'Thomas Hallaran'),(210,'John Schmidt'),(211,'Maria Hernandez'),(212,'Mary Graham'),(213,'Nick Grossman'),(214,'John Palfrey'),(215,'Patrick Barry'),(216,'Howard Tullman'),(217,'Peter A. Nadosy'),(218,'Seeta Gangadharan'),(219,'Andrew Hoppin'),(220,'Gina Neff'),(221,'Peter Levine'),(222,'Adam Frankel'),(223,'Stuart Shieber'),(224,'Alicia Rouault'),(225,'Jim Gilliam'),(226,'Thomas Chiang'),(227,'Adren O. Wilson'),(228,'Darren Haas'),(229,'Juliet V. Garcia'),(230,'Brad Hargreaves'),(231,'Iyinoluwa Aboyeji'),(232,'Heidi Sieck'),(233,'Bo Lotinsky'),(234,'Radha Ramachandran'),(235,'Marc Shifflett'),(236,'Chris Whong'),(237,'Alana Laudone'),(238,'William Fisher'),(239,'Dana Snodgrass'),(240,'Giancarlo Gonzalez'),(241,'Matt Snider'),(242,'Mark Dimas'),(243,'BARBARA GORDON'),(244,'Deirdre Mulligan'),(245,'Leigh Morris Sloane'),(246,'Maria Rodriguez'),(247,'Peggy Luce'),(248,'Carey Kogol'),(249,'Chris Paik'),(250,'Rhona Frazin'),(251,'Mike Klein'),(252,'Deena Siegal'),(253,'Ben Balter'),(254,'Nick Rougeux'),(255,'Warren Chapman'),(256,'Ellen Miller'),(257,'Sam Yagan'),(258,'Nikki Kidd'),(259,'Tim O\'Reilly'),(260,'Jerry Hall'),(261,'Tim Berners-Lee'),(262,'Tee Parham'),(263,'Kara Chesal'),(264,'Taryn Roch'),(265,'Melissa Wooten'),(266,'Peter Thiel'),(267,'Pete Hudson'),(268,'Edward Woodbury'),(269,'Hannah Wright'),(270,'Felix Oberholzer-Gee'),(271,'Tarleton Gillespie'),(272,'Joshua Kushner'),(273,'Paul Mihailidis'),(274,'David Nassar'),(275,'Andrew McLaughlin'),(276,'Steve Ballmer'),(277,'Darrell West'),(278,'Anna Avoyan'),(279,'Matt Mahan'),(280,'Robert S. Kaplan'),(281,'Terry Howerton'),(282,'Melissa Lederer'),(283,'Satya Nadella'),(284,'Adam Hecktman'),(285,'Tom Plagge'),(286,'Nicole Wong'),(287,'Joe Polastre'),(288,'Jared Weinstein'),(289,'Bo Rodda'),(290,'Paul Allen'),(291,'Eric Mill'),(292,'PJ Hyett'),(293,'Laura James'),(294,'Donna Zarcone'),(295,'Graham Grady'),(296,'Krista Canellakis'),(297,'Kyle Kimball'),(298,'Chhaya Kapadia'),(299,'Henry Weerts'),(300,'Kristin Barret'),(301,'Stephanie Hsiung'),(302,'Steven Bennett'),(303,'Rick Stevens'),(304,'Mike Huffstetler'),(305,'Laura Fendrich'),(306,'Marty Walsh'),(307,'Ethan Zuckerman'),(308,'Fred Hoch'),(309,'Miche Capone'),(310,'Jason Schultz'),(311,'David Axelrod '),(312,'Joe Green'),(313,'Mike Rosengarten'),(314,'John Rico'),(315,'Whitney May'),(316,'Seth Bannon'),(317,'Christina Sass'),(318,'Philip Nevels'),(319,'Allan Friedman'),(320,'Shamina Singh'),(321,'Jimmy Kittiyachavalit'),(322,'Kara Mikulich'),(323,'Ryan Tomayko'),(324,'Eric Gertler'),(325,'Rayid Ghani'),(326,'Mike Bracken'),(327,'Lee Bollinger'),(328,'Scott Mauvais'),(329,'John Lilly'),(330,'Jessica Lawrence'),(331,'William Antholis'),(332,'Kevin Bankston'),(333,'Susana Vasquez'),(334,'Steve Outtrim'),(335,'Erika Jerzy'),(336,'Ela Madej'),(337,'Yochai Benkler'),(338,'William Janeway'),(339,'Noah Kunin'),(340,'Joshua Auerbach'),(341,'Alexander Karp'),(342,'Lynn Osmond'),(343,'Laura Patterson'),(344,'Doug Voigt'),(345,'Brian Doll'),(346,'Robert M. Goerge'),(347,'Daniel O\'Neil'),(348,'Beth Noveck'),(349,'Mark Headd'),(350,'Alejandra Lagunes'),(351,'Brad Burnham'),(352,'John Sexton'),(353,'Hollie Russon-Gilman'),(354,'Abbie Torgeson'),(355,'Sascha Meinrath'),(356,'David Rockefeller Jr.'),(357,'Cheryl Eugenio'),(358,'Sharon Feigon'),(359,'Carlin Sack'),(360,'Jeremy Johnson'),(361,'Kelsey Carlson'),(362,'Nathan Gettings'),(363,'David Bragdon'),(364,'Brian Forde'),(365,'Tony Henikof'),(366,'danah boyd'),(367,'Pierre Omidyar'),(368,'Brian Behlendorf'),(369,'Amy Harris'),(370,'Todd Park'),(371,'Anthony Saich'),(372,'Jennifer Adams'),(373,'Alberto Ibarguen'),(374,'Reshma Saujani'),(375,'Christina xu'),(376,'David Mosena'),(377,'Bruce Katz'),(378,'Gavin Starks'),(379,'Jim O\'Connor'),(380,'James Katz'),(381,'Anthea Watson Strong'),(382,'Amanda O\'Donnell'),(383,'Monique Woodard'),(384,'Jared Cohen'),(385,'Susannah Fox'),(386,'Vidya Spandana'),(387,'Jeremy L. Wallenberg'),(388,'Tom Tresser'),(389,'Christopher Chan'),(390,'Doug Whitley'),(391,'Steven Philpott'),(392,'Hillary Clinton'),(393,'Cecile RIchards'),(394,'Adam Koopersmith'),(395,'Nick Rosa'),(396,'Bill Gates'),(397,'Tiana Epps-Johnson'),(398,'Semil Shah'),(399,'Ricki Granetz Lowitz'),(400,'Tom Alexander'),(401,'Brandon Kessler'),(402,'William Colegrove'),(403,'Monica White'),(404,'Sid Burgess'),(405,'Matthew Brimer'),(406,'Micah Sifry'),(407,'John Borthwick'),(408,'Elder Willard Payton'),(409,'Jason Lally'),(410,'Prakash Janakiraman'),(411,'Dan\'l Lewin'),(412,'Debbie Sterling'),(413,'Arianna Lambie'),(414,'Dan Beckmann'),(415,'Veronica Brown'),(416,'Jamie Jones'),(417,'Cynthia Warner'),(418,'Emile Cambry Jr.'),(419,'Rich Hofbauer'),(420,'Michael Calabrese'),(421,'Eric Lannert'),(422,'Tom Kalil'),(423,'Mike North'),(424,'Jim Sallee'),(425,'Eric Gordon'),(426,'Georgia Bullen'),(427,'Alan Davidson'),(428,'Anna Marie Tamayo'),(429,'Chuck Templeton'),(430,'Ala\' Diab'),(431,'Jason Purtorti'),(432,'Tasha Seitz'),(433,'Kate Kusiak Galvin'),(434,'John Perry Barlow'),(435,'Ryan Leavitt'),(436,'Sara Clay'),(437,'Dominique Williams '),(438,'Scott Bernstein'),(439,'Jeffrey Schnapp'),(440,'Hicham Oudghiri'),(441,'Jeff Artis'),(442,'James Windon'),(443,'Tom Power'),(444,'Don Bacigalupi'),(445,'Tom Vilsack'),(446,'Mitchell Baker'),(447,'Bill de Blasio'),(448,'Tristan Siegel'),(449,'Story Bellows'),(450,'Jason Pariso'),(451,'Bob Lisbonne'),(452,'Catherine Brown'),(453,'Dionne Baux'),(454,'Hilary Mason'),(455,'Ben Rattray'),(456,'Richard Dunks'),(457,'John Villasenor'),(458,'Ian Kalin'),(459,'Kyle Neath'),(460,'Catherine Bracy'),(461,'Barack Obama'),(462,'Scott Donahue'),(463,'Hillary Hartley'),(464,'Preeti Birla'),(465,'Clarence Hogan'),(466,'Amos Stone'),(467,'Gerald Chertavian'),(468,'Julia Chillers'),(469,'Sean Parker'),(470,'Craig Mundie'),(471,'and Jake Schwartz'),(472,'Jonathan Paul Cambry'),(473,'John Mack'),(474,'Stephen Perkins'),(475,'Sarah Campbell'),(476,'Chelsea Clinton'),(477,'Svetlozar Nestorov'),(478,'Alondra Nelson'),(479,'Alex Kouts'),(480,'Laura Clark'),(481,'Steve Adler'),(482,'Andrew Cuomo'),(483,'Adam Calica'),(484,'Michelle Soble'),(485,'Timothy Higdon'),(486,'Amen Ra Mashariki'),(487,'Scott Chacon'),(488,'Michael O\'Neil'),(489,'Urs Gasser'),(490,'Jake Ament'),(491,'Stewart Uretsky'),(492,'Maria Christopoulos Katris'),(493,'John O\'Farrell'),(494,'Rachna Choudhry'),(495,'Alissa Black'),(496,'Michael Flowers'),(497,'Tom Schenk'),(498,'Andrew Means'),(499,'Marc Andreessen'),(500,'Douglas Rushkoff'),(501,'Frank Beal'),(502,'Joel Natividad'),(503,'Ghazal Vaghedi'),(504,'Joshua Breitbart'),(505,'Celine Azoulay '),(506,'James Evans'),(507,'Ryan Bubinski'),(508,'Andrew Weissman'),(509,'Joly MacFie'),(510,'Donny Bridges'),(511,'Clay Johnson'),(512,'Robert Briggs'),(513,'Perry L. Gunn'),(514,'Colin O\'Donnell'),(515,'Mark Wu'),(516,'Maya Wiley'),(517,'David Solomonoff'),(518,'Lourdes Lopez'),(519,'Forest Gregg'),(520,'Alex Payne'),(521,'Bill Landers'),(522,'Kathryn Tholin'),(523,'Bilyan Belchev'),(524,'Constantine E. Kontokosta'),(525,'Rhonda Fair'),(526,'Billy CHasen'),(527,'Steven E. Koonin'),(528,'Gale A. Brewer'),(529,'Antonio Rowry'),(530,'Joi Ito'),(531,'Stay Lindau'),(532,'Christopher Stone'),(533,'Charles Nesson'),(534,'Rahm Emanuel'),(535,'Chris Wanstrath'),(536,'Juandalyn Holland'),(537,'Erika Jones-Clary'),(538,'Tom Villanova'),(539,'Bruce Schneier'),(540,'John Carpenter'),(541,'J. Clifford Hudson'),(542,'Amy C. Falls'),(543,'Kathleen Cagney'),(544,'Terrance Beckett'),(545,'Kristin Barrett'),(546,'Kim Vaccari'),(547,'Jesse Robbins'),(548,'Bill Clinton'),(549,'Kumar Garg'),(550,'Nate Levine'),(551,'Christopher Burke'),(552,'Kyla Williams'),(553,'Andrew Rasiej'),(554,'Shawn Jacqueline Bohen'),(555,'Sonja Marziano'),(556,'Patty Siebart'),(557,'Stephen Walter'),(558,'Juliana Rotich'),(559,'Matt Klein'),(560,'Rebecca Williams'),(561,'Melody Joy Kramer'),(562,'Eric Ries'),(563,'Lorelei Kelly'),(564,'Sergey Brin'),(565,'Robert Rosner'),(566,'Jeff Diehl'),(567,'Matthew Slutsky'),(568,'Rebecca MacKinnon'),(569,'Edward Felten'),(570,'Garrett Moran'),(571,'Ian Foster'),(572,'Aileen Gemma Smith'),(573,'Chris Smith'),(574,'Cody Sanfilippo'),(575,'Dan Doctoroff'),(576,'Anthony Townsend'),(577,'Paul Graham'),(578,'Sam Altman'),(579,'Dan Doctoroff'),(580,'Anthony Townsend'),(581,'Matt Stempeck'),(582,'Matt Stempeck'),(583,'Matt Stempeck'),(584,'Claire Ralph'),(585,'Manbir Mohindru'),(586,'Madison Goforth'),(587,'Claire Balani'),(588,'David Yoon'),(589,'Todd Schulte'),(590,'Alida Garcia'),(591,'Andrew DeVigal'),(592,'Regina Lawrence'),(593,'Justin Hendrix'),(594,'Amy Chen'),(595,'Julia Evanczuk'),(596,'Adam Kariv'),(597,'Benny Daon'),(598,'Ofri Raviv'),(599,'Shevy Korzen'),(600,'Adam Kariv'),(601,'Benny Daon'),(602,'Shevy Korzen'),(603,'Ofri Raviv'),(604,'Mushon Zer-Aviv'),(605,'Nigel Jacob'),(606,'Chris Osgood'),(607,'Nigel Jacob'),(608,'Chris Osgood'),(609,'Campbell Hyers'),(610,'Scott Anderson'),(611,'Larry Lessig'),(612,'Nicco Mele'),(613,'Michael Schnuerle'),(614,'Patrick Smith'),(615,'Bret Walker'),(616,'Chris Harrell'),(617,'Otto Doll'),(618,'Kelly Clausen'),(619,'James Kauth'),(620,'Sheba Najmi'),(621,'Ashar Rizqi'),(622,'Ali Raza'),(623,'@JustinArenstein'),(624,'@ChrisRoper'),(625,'@SoapSudTycoon'),(626,'@DavidLemayian'),(627,'@longhotsummer'),(628,'@CallMeAlien'),(629,'@stephen_abbott'),(630,'@temideoye'),(631,'Justin Arenstein'),(632,'Justin Arenstein'),(633,'Justin Arenstein'),(634,'Justin'),(635,'Justin Arenstein'),(636,'Julia Kloiber'),(637,'Daniel Dietrich'),(638,'Friedrich Lindenberg'),(639,'Hal Seki'),(640,'Yusuke Takagi'),(641,'Nobuyuki Shirakawa'),(642,'Hal Seki'),(643,'Yusuke Takagi'),(644,'Nobuyuki Shirakawa'),(645,'Henri Verdier'),(646,'Nigel Jacob'),(647,'Chris Osgood'),(648,'Rick Lord'),(649,'Kelly Thompson Clark'),(650,'Paul Guzzi'),(651,'Katy O\'Neil'),(652,'Alexandra Lee'),(653,'Janneke House'),(654,'Cassandra Grey'),(655,'James Brett'),(656,'Fred Green'),(657,'JD Chesloff'),(658,'Greg Torres'),(659,'Gary Burdick'),(660,'John Souther'),(661,'Rudy Ash'),(662,'Geffrey Beckwith'),(663,'Doug Robinson'),(664,'Philip Holahan'),(665,'Tom Hopcroft'),(666,'Pamela Goldberg'),(667,'Kara	 Boudreau'),(668,'Angela O\'Connor'),(669,'Tim Rowe'),(670,'Brian Dacey'),(671,'Nicole Fichera'),(672,'Carlos Martnez-Vela'),(673,'Kevin Wiant'),(674,'Andrew Singleton'),(675,'Nicole Fichera'),(676,'Carlos Martnez-Vela'),(677,'Kevin Wiant'),(678,'Andrew Singleton'),(679,'John Harthorne'),(680,'Scott Bailey'),(681,'Akhil	 Nigham'),(682,'Karl	Buttner'),(683,'Stas	Gayshan'),(684,'Eric Lander'),(685,'Alan	Fein'),(686,'John McDonough'),(687,'Jeff Young'),(688,'Linda Noonan'),(689,'James Stanton'),(690,'Steve Vinter'),(691,'Heather Carey'),(692,'Deborah Boisvert'),(693,'Shelley Chamberlain'),(694,'Eileen Ruddin'),(695,'Paul Toner'),(696,'David Keim'),(697,'Chris Stephenson'),(698,'Kelly	 Powers'),(699,'Elissa Spellman'),(700,'Carolyn Roscoe'),(701,'Kirsten Af Klintenberg'),(702,'Amy	Eldridge'),(703,'Ioannis Miaoulis'),(704,'Liz Callanan'),(705,'Jennifer Green'),(706,'Andrew Wolk'),(707,'Susan Musinsky'),(708,'Connie Chow'),(709,'Susan O\'Connor'),(710,'Vicky Wu Davis'),(711,'Kelly	 Parrish'),(712,'Jen White'),(713,'Travis McCready'),(714,'Hiawatha	Bray'),(715,'Shirley Leung'),(716,'Mike Morisy'),(717,'Cal Borches'),(718,'Jordan Graham'),(719,'Jake Porway'),(720,'Erin Akred'),(721,'Kyle Alspach'),(722,'Gillis Bernard'),(723,'Dina Rosendorff'),(724,'Jon MacLean'),(725,'Curt Woodward'),(726,'Marty Walsh'),(727,'David Maher'),(728,'Stormy Attaway'),(729,'Jacob Barry'),(730,'Charlotte Belezos'),(731,'Jacob Barry'),(732,'Lori Bergeron'),(733,'Liz Callanan'),(734,'Uday Chakraborty'),(735,'Jacob Barry'),(736,'Lori Bergeron'),(737,'Marc Check'),(738,'JD Chesloff'),(739,'Mark Conway'),(740,'Henrietta Davis'),(741,'Marilyn Decker'),(742,'Lori Glover'),(743,'Larry Goldberg'),(744,'John Goodhue'),(745,'Mark Green'),(746,'Alex Grodd'),(747,'Ingrid Gustafson'),(748,'David Harris'),(749,'Patricia Ho'),(750,'Scott Hultman'),(751,'Tom Hopcroft'),(752,'Peg LaGendre'),(753,'Timothy Leshan'),(754,'Marybeth Martello'),(755,'Alan Michel'),(756,'Marc Midura'),(757,'Ruth Morris'),(758,'Tom Hopcroft'),(759,'Matthew Nelson'),(760,'Sarah Rahman'),(761,'Ellen Root'),(762,'Gina Roughton'),(763,'Joyce Sidopoulos'),(764,'Christine Williams'),(765,'Pat Yongpradit'),(766,'Eric Esteves'),(767,'Emma Youdatsmith'),(768,'John Ciccarelli'),(769,'Elizabth Kazakoff'),(770,'Phillip Magnuszewski'),(771,'Robert Mauro'),(772,'Andre Mayer'),(773,'Chad Milner'),(774,'Robert Nagle'),(775,'Patrica Nolan'),(776,'Kody O\'Connell'),(777,'Patrick Osborne'),(778,'Amanda Peters'),(779,'Roy Schifilliti'),(780,'Deb Socia'),(781,'Shinichiro Terada'),(782,'Naira Ferreira Bonifacio'),(783,'Maria Gonzalez'),(784,'Eric Gordon'),(785,'Sam Hammar'),(786,'Cristen Jones'),(787,'Teresa Lynch'),(788,'Carlos Martinez-Vela'),(789,'Irina Rosca'),(790,'Vanita Shastri'),(791,'Denise Taylor'),(792,'Mitch Tyson'),(793,'Sarah Warren'),(794,'Chloe Ryan'),(795,'Jennifer Chayes'),(796,'Marissa Mlotek'),(797,'Vyki Englert'),(798,'Travis Korte'),(799,'Abhi Nemani'),(800,'Ashley Spillane'),(801,'David Pruter'),(802,'Heidi Sieck');
/*!40000 ALTER TABLE `keyperson` ENABLE KEYS */;
UNLOCK TABLES;

--
-- Table structure for table `location`
--

DROP TABLE IF EXISTS `location`;
/*!40101 SET @saved_cs_client     = @@character_set_client */;
/*!40101 SET character_set_client = utf8 */;
CREATE TABLE `location` (
  `id` int(11) NOT NULL AUTO_INCREMENT,
  `full_address` varchar(200) DEFAULT NULL,
  `address_line` varchar(100) DEFAULT NULL,
  `locality` varchar(100) DEFAULT NULL,
  `district` varchar(100) DEFAULT NULL,
  `postal_code` varchar(20) DEFAULT NULL,
  `country` varchar(100) DEFAULT NULL,
  `country_code` varchar(2) DEFAULT NULL,
  `latitude` float DEFAULT NULL,
  `longitude` float DEFAULT NULL,
  PRIMARY KEY (`id`)
) ENGINE=InnoDB AUTO_INCREMENT=587 DEFAULT CHARSET=utf8;
/*!40101 SET character_set_client = @saved_cs_client */;

--
-- Dumping data for table `location`
--

LOCK TABLES `location` WRITE;
/*!40000 ALTER TABLE `location` DISABLE KEYS */;
INSERT INTO `location` VALUES (0,'New York, NY',NULL,'New York','NY',NULL,'United States','US',40.782,-73.8317),(1,'Cambridge, MA',NULL,'Cambridge','MA',NULL,'United States','US',42.3668,-71.106),(2,'Washington, DC',NULL,'Washington','DC',NULL,'United States','US',38.8904,-77.032),(3,'United Kingdom',NULL,NULL,NULL,NULL,'United Kingdom','GB',54.5609,-2.21251),(4,'Cambridge, MA',NULL,'Cambridge','MA',NULL,'United States','US',42.3668,-71.106),(5,'Chicago, IL',NULL,'Chicago','IL',NULL,'United States','US',41.8843,-87.6324),(6,'Berkeley, CA',NULL,'Berkeley','CA',NULL,'United States','US',37.8699,-122.271),(7,'New York, NY',NULL,'New York','NY',NULL,'United States','US',40.782,-73.8317),(8,'Chicago, IL',NULL,'Chicago','IL',NULL,'United States','US',41.8843,-87.6324),(9,'New York, NY',NULL,'New York','NY',NULL,'United States','US',40.782,-73.8317),(10,'New York, NY',NULL,'New York','NY',NULL,'United States','US',40.782,-73.8317),(11,'New York, NY',NULL,'New York','NY',NULL,'United States','US',40.782,-73.8317),(12,'London, London, United Kingdom',NULL,'London','England',NULL,'United Kingdom','GB',51.5064,-0.12721),(13,'Cambridge, Cambridgeshire, United Kingdom',NULL,'Cambridge','England',NULL,'United Kingdom','GB',52.2284,0.11185),(14,'Cambridge, MA',NULL,'Cambridge','MA',NULL,'United States','US',42.3668,-71.106),(15,'San Francisco, CA',NULL,'San Francisco','CA',NULL,'United States','US',37.7771,-122.42),(16,'New York, NY',NULL,'New York','NY',NULL,'United States','US',40.782,-73.8317),(17,'San Francisco, CA',NULL,'San Francisco','CA',NULL,'United States','US',37.7771,-122.42),(18,'Redwood City, CA',NULL,'Redwood City','CA',NULL,'United States','US',37.4845,-122.228),(19,'Null Rd, Mountain View, AR 72560','Null Rd','Mountain View','AR','72560','United States','US',35.7696,-92.2512),(20,'New York, NY',NULL,'New York','NY',NULL,'United States','US',40.782,-73.8317),(21,'Little Rock, AR',NULL,'Little Rock','AR',NULL,'United States','US',34.7486,-92.2745),(22,'New York, NY',NULL,'New York','NY',NULL,'United States','US',40.782,-73.8317),(23,'36 W 20th St, New York, NY 10011','36 W 20th St','New York','NY','10011','United States','US',40.7404,-73.9931),(24,'New York, NY',NULL,'New York','NY',NULL,'United States','US',40.782,-73.8317),(25,'Philadelphia, PA',NULL,'Philadelphia','PA',NULL,'United States','US',39.9523,-75.1625),(26,'New York, NY',NULL,'New York','NY',NULL,'United States','US',40.782,-73.8317),(27,'Atlanta, GA',NULL,'Atlanta','GA',NULL,'United States','US',33.7483,-84.3911),(28,'San Francisco, CA',NULL,'San Francisco','CA',NULL,'United States','US',37.7771,-122.42),(29,'Washington, DC',NULL,'Washington','DC',NULL,'United States','US',38.8904,-77.032),(30,'Cambridge, MA',NULL,'Cambridge','MA',NULL,'United States','US',42.3668,-71.106),(31,'Cambridge, MA',NULL,'Cambridge','MA',NULL,'United States','US',42.3668,-71.106),(32,'Washington, DC',NULL,'Washington','DC',NULL,'United States','US',38.8904,-77.032),(33,'Washington, DC',NULL,'Washington','DC',NULL,'United States','US',38.8904,-77.032),(34,'New York, NY',NULL,'New York','NY',NULL,'United States','US',40.782,-73.8317),(35,'New York, NY',NULL,'New York','NY',NULL,'United States','US',40.782,-73.8317),(36,'Cambridge, MA',NULL,'Cambridge','MA',NULL,'United States','US',42.3668,-71.106),(37,'Boston, MA',NULL,'Boston','MA',NULL,'United States','US',42.3587,-71.0567),(38,'New York, NY',NULL,'New York','NY',NULL,'United States','US',40.782,-73.8317),(39,'New York, NY',NULL,'New York','NY',NULL,'United States','US',40.782,-73.8317),(40,'New York, NY',NULL,'New York','NY',NULL,'United States','US',40.782,-73.8317),(41,'Cambridge, MA',NULL,'Cambridge','MA',NULL,'United States','US',42.3668,-71.106),(42,'New York, NY',NULL,'New York','NY',NULL,'United States','US',40.782,-73.8317),(43,'Brooklyn, NY',NULL,'Brooklyn','NY',NULL,'United States','US',40.6925,-73.9904),(44,'New York, NY',NULL,'New York','NY',NULL,'United States','US',40.782,-73.8317),(45,'San Francisco, CA',NULL,'San Francisco','CA',NULL,'United States','US',37.7771,-122.42),(46,'Washington, DC',NULL,'Washington','DC',NULL,'United States','US',38.8904,-77.032),(47,'San Francisco, CA',NULL,'San Francisco','CA',NULL,'United States','US',37.7771,-122.42),(48,'Oakland, CA',NULL,'Oakland','CA',NULL,'United States','US',37.8051,-122.273),(49,'New York, NY',NULL,'New York','NY',NULL,'United States','US',40.782,-73.8317),(50,'Mountain View, CA',NULL,'Mountain View','CA',NULL,'United States','US',37.3897,-122.082),(51,'San Francisco, CA',NULL,'San Francisco','CA',NULL,'United States','US',37.7771,-122.42),(52,'Cambridge, MA',NULL,'Cambridge','MA',NULL,'United States','US',42.3668,-71.106),(53,'New York, NY',NULL,'New York','NY',NULL,'United States','US',40.782,-73.8317),(54,'New York, NY',NULL,'New York','NY',NULL,'United States','US',40.782,-73.8317),(55,'New York, NY',NULL,'New York','NY',NULL,'United States','US',40.782,-73.8317),(56,'Oakland, CA',NULL,'Oakland','CA',NULL,'United States','US',37.8051,-122.273),(57,'New York, NY',NULL,'New York','NY',NULL,'United States','US',40.782,-73.8317),(58,'New York, NY',NULL,'New York','NY',NULL,'United States','US',40.782,-73.8317),(59,'New York, NY',NULL,'New York','NY',NULL,'United States','US',40.782,-73.8317),(60,'New York, NY',NULL,'New York','NY',NULL,'United States','US',40.782,-73.8317),(61,'Shanghai, China',NULL,'Shanghai',NULL,NULL,'China','CN',31.2241,121.516),(62,'New York, NY',NULL,'New York','NY',NULL,'United States','US',40.782,-73.8317),(63,'Chicago, IL',NULL,'Chicago','IL',NULL,'United States','US',41.8843,-87.6324),(64,'Chicago, IL',NULL,'Chicago','IL',NULL,'United States','US',41.8843,-87.6324),(65,'Chicago, IL',NULL,'Chicago','IL',NULL,'United States','US',41.8843,-87.6324),(66,'Chicago, IL',NULL,'Chicago','IL',NULL,'United States','US',41.8843,-87.6324),(67,'Chicago, IL',NULL,'Chicago','IL',NULL,'United States','US',41.8843,-87.6324),(68,'Chicago, IL',NULL,'Chicago','IL',NULL,'United States','US',41.8843,-87.6324),(69,'Chicago, IL',NULL,'Chicago','IL',NULL,'United States','US',41.8843,-87.6324),(70,'Chicago, IL',NULL,'Chicago','IL',NULL,'United States','US',41.8843,-87.6324),(71,'Chicago, IL',NULL,'Chicago','IL',NULL,'United States','US',41.8843,-87.6324),(72,'Boston, MA',NULL,'Boston','MA',NULL,'United States','US',42.3587,-71.0567),(73,'Chicago, IL',NULL,'Chicago','IL',NULL,'United States','US',41.8843,-87.6324),(74,'Chicago, IL',NULL,'Chicago','IL',NULL,'United States','US',41.8843,-87.6324),(75,'New York, NY',NULL,'New York','NY',NULL,'United States','US',40.782,-73.8317),(76,'Chicago, IL',NULL,'Chicago','IL',NULL,'United States','US',41.8843,-87.6324),(77,'Chicago, IL',NULL,'Chicago','IL',NULL,'United States','US',41.8843,-87.6324),(78,'Chicago, IL',NULL,'Chicago','IL',NULL,'United States','US',41.8843,-87.6324),(79,'Springfield, IL',NULL,'Springfield','IL',NULL,'United States','US',39.801,-89.6436),(80,'Argonne Ave, Springfield, IL 62704','Argonne Ave','Springfield','IL','62704','United States','US',39.7724,-89.6999),(81,'Chicago, IL',NULL,'Chicago','IL',NULL,'United States','US',41.8843,-87.6324),(82,'Los Angeles, CA',NULL,'Los Angeles','CA',NULL,'United States','US',34.0535,-118.245),(83,'San Francisco, CA',NULL,'San Francisco','CA',NULL,'United States','US',37.7771,-122.42),(84,'San Francisco, CA',NULL,'San Francisco','CA',NULL,'United States','US',37.7771,-122.42),(85,'Honolulu, HI',NULL,'Honolulu','HI',NULL,'United States','US',21.3048,-157.858),(86,'San Francisco, CA',NULL,'San Francisco','CA',NULL,'United States','US',37.7771,-122.42),(87,'San Francisco, CA',NULL,'San Francisco','CA',NULL,'United States','US',37.7771,-122.42),(88,'San Francisco, CA',NULL,'San Francisco','CA',NULL,'United States','US',37.7771,-122.42),(89,'San Francisco, CA',NULL,'San Francisco','CA',NULL,'United States','US',37.7771,-122.42),(90,'Chicago, IL',NULL,'Chicago','IL',NULL,'United States','US',41.8843,-87.6324),(91,'Mountain View, CA',NULL,'Mountain View','CA',NULL,'United States','US',37.3897,-122.082),(92,'Boston, MA',NULL,'Boston','MA',NULL,'United States','US',42.3587,-71.0567),(93,'Boston, MA',NULL,'Boston','MA',NULL,'United States','US',42.3587,-71.0567),(94,'Chicago, IL',NULL,'Chicago','IL',NULL,'United States','US',41.8843,-87.6324),(95,'New York, NY',NULL,'New York','NY',NULL,'United States','US',40.782,-73.8317),(96,'Chicago, IL',NULL,'Chicago','IL',NULL,'United States','US',41.8843,-87.6324),(97,'New York, NY',NULL,'New York','NY',NULL,'United States','US',40.782,-73.8317),(98,'San Francisco, CA',NULL,'San Francisco','CA',NULL,'United States','US',37.7771,-122.42),(99,'New York, NY',NULL,'New York','NY',NULL,'United States','US',40.782,-73.8317),(100,'New York, NY',NULL,'New York','NY',NULL,'United States','US',40.782,-73.8317),(101,'New York, NY',NULL,'New York','NY',NULL,'United States','US',40.782,-73.8317),(102,'Brooklyn, NY',NULL,'Brooklyn','NY',NULL,'United States','US',40.6925,-73.9904),(103,'New York, NY',NULL,'New York','NY',NULL,'United States','US',40.782,-73.8317),(104,'Boston, MA',NULL,'Boston','MA',NULL,'United States','US',42.3587,-71.0567),(105,'Washington, DC',NULL,'Washington','DC',NULL,'United States','US',38.8904,-77.032),(106,'New York, NY',NULL,'New York','NY',NULL,'United States','US',40.782,-73.8317),(107,'Palo Alto, CA',NULL,'Palo Alto','CA',NULL,'United States','US',37.4447,-122.161),(108,'New York, NY',NULL,'New York','NY',NULL,'United States','US',40.782,-73.8317),(109,'New York, NY',NULL,'New York','NY',NULL,'United States','US',40.782,-73.8317),(110,'New York, NY',NULL,'New York','NY',NULL,'United States','US',40.782,-73.8317),(111,'New York, NY',NULL,'New York','NY',NULL,'United States','US',40.782,-73.8317),(112,'New York, NY',NULL,'New York','NY',NULL,'United States','US',40.782,-73.8317),(113,'New York, NY',NULL,'New York','NY',NULL,'United States','US',40.782,-73.8317),(114,'Brooklyn, NY',NULL,'Brooklyn','NY',NULL,'United States','US',40.6925,-73.9904),(115,'St Paul, MN',NULL,'St Paul','MN',NULL,'United States','US',44.9438,-93.0933),(116,'Chicago, IL',NULL,'Chicago','IL',NULL,'United States','US',41.8843,-87.6324),(117,'Chicago, IL',NULL,'Chicago','IL',NULL,'United States','US',41.8843,-87.6324),(118,'New York, NY',NULL,'New York','NY',NULL,'United States','US',40.782,-73.8317),(119,'New York, NY',NULL,'New York','NY',NULL,'United States','US',40.782,-73.8317),(120,'Oakland, CA',NULL,'Oakland','CA',NULL,'United States','US',37.8051,-122.273),(121,'Chicago, IL',NULL,'Chicago','IL',NULL,'United States','US',41.8843,-87.6324),(122,'New York, NY',NULL,'New York','NY',NULL,'United States','US',40.782,-73.8317),(123,'New York, NY',NULL,'New York','NY',NULL,'United States','US',40.782,-73.8317),(124,'New York, NY',NULL,'New York','NY',NULL,'United States','US',40.782,-73.8317),(125,'Washington, DC',NULL,'Washington','DC',NULL,'United States','US',38.8904,-77.032),(126,'New York, NY',NULL,'New York','NY',NULL,'United States','US',40.782,-73.8317),(127,'San Francisco, CA',NULL,'San Francisco','CA',NULL,'United States','US',37.7771,-122.42),(128,'Cambridge, MA',NULL,'Cambridge','MA',NULL,'United States','US',42.3668,-71.106),(129,'New York, NY',NULL,'New York','NY',NULL,'United States','US',40.782,-73.8317),(130,'Washington, DC',NULL,'Washington','DC',NULL,'United States','US',38.8904,-77.032),(131,'Chicago, IL',NULL,'Chicago','IL',NULL,'United States','US',41.8843,-87.6324),(132,'Washington, DC',NULL,'Washington','DC',NULL,'United States','US',38.8904,-77.032),(133,'Washington, DC',NULL,'Washington','DC',NULL,'United States','US',38.8904,-77.032),(134,'Oakland, CA',NULL,'Oakland','CA',NULL,'United States','US',37.8051,-122.273),(135,'Washington, DC',NULL,'Washington','DC',NULL,'United States','US',38.8904,-77.032),(136,'Boston, MA',NULL,'Boston','MA',NULL,'United States','US',42.3587,-71.0567),(137,'Boston, MA',NULL,'Boston','MA',NULL,'United States','US',42.3587,-71.0567),(138,'New York, NY',NULL,'New York','NY',NULL,'United States','US',40.782,-73.8317),(139,'New York, NY',NULL,'New York','NY',NULL,'United States','US',40.782,-73.8317),(140,'Washington, DC',NULL,'Washington','DC',NULL,'United States','US',38.8904,-77.032),(141,'New York, NY',NULL,'New York','NY',NULL,'United States','US',40.782,-73.8317),(142,'Washington, DC',NULL,'Washington','DC',NULL,'United States','US',38.8904,-77.032),(143,'19 W 21st St, New York, NY 10010','19 W 21st St','New York','NY','10010','United States','US',40.741,-73.9918),(144,'10 E 21st St, New York, NY 10003','10 E 21st St','New York','NY','10003','United States','US',40.74,-73.99),(145,'New York, NY',NULL,'New York','NY',NULL,'United States','US',40.782,-73.8317),(146,'Chicago, IL',NULL,'Chicago','IL',NULL,'United States','US',41.8843,-87.6324),(147,'New York, NY',NULL,'New York','NY',NULL,'United States','US',40.782,-73.8317),(148,'Austin, TX',NULL,'Austin','TX',NULL,'United States','US',30.2676,-97.743),(149,'San Francisco, CA',NULL,'San Francisco','CA',NULL,'United States','US',37.7771,-122.42),(150,'New York, NY',NULL,'New York','NY',NULL,'United States','US',40.782,-73.8317),(151,'San Francisco, CA',NULL,'San Francisco','CA',NULL,'United States','US',37.7771,-122.42),(152,'New York, NY',NULL,'New York','NY',NULL,'United States','US',40.782,-73.8317),(153,'Dallas, TX',NULL,'Dallas','TX',NULL,'United States','US',32.7781,-96.7954),(154,'Silicon Valley, CA',NULL,NULL,'CA',NULL,'United States','US',37.37,-122.04),(155,'Albuquerque, NM',NULL,'Albuquerque','NM',NULL,'United States','US',35.0842,-106.649),(156,'Uruguay',NULL,NULL,NULL,NULL,'Uruguay','UY',-32.9697,-56.0559),(157,'Central Region',NULL,NULL,'Central Region',NULL,'Uganda','UG',0.5,32),(158,'Germany',NULL,NULL,NULL,NULL,'Germany','DE',51.2025,10.3822),(159,'London, London, United Kingdom',NULL,'London','England',NULL,'United Kingdom','GB',51.5064,-0.12721),(160,'New York, NY',NULL,'New York','NY',NULL,'United States','US',40.782,-73.8317),(161,'New York, NY',NULL,'New York','NY',NULL,'United States','US',40.782,-73.8317),(162,'Austin, TX',NULL,'Austin','TX',NULL,'United States','US',30.2676,-97.743),(163,'Bristol, Bristol, United Kingdom',NULL,'Bristol','England',NULL,'United Kingdom','GB',51.4538,-2.59168),(164,'Cairo, Egypt',NULL,'Cairo','Cairo',NULL,'Egypt','EG',30.0454,31.2421),(165,'Detroit, IL',NULL,'Detroit','IL',NULL,'United States','US',39.6206,-90.6758),(166,'Austin, TX',NULL,'Austin','TX',NULL,'United States','US',30.2676,-97.743),(167,'Houston, TX',NULL,'Houston','TX',NULL,'United States','US',29.7605,-95.3698),(168,'Washington, DC',NULL,'Washington','DC',NULL,'United States','US',38.8904,-77.032),(169,'San Francisco, CA',NULL,'San Francisco','CA',NULL,'United States','US',37.7771,-122.42),(170,'Los Angeles, CA',NULL,'Los Angeles','CA',NULL,'United States','US',34.0535,-118.245),(171,'Australia',NULL,NULL,NULL,NULL,'Australia','AU',-25.5852,134.504),(172,'Washington, DC',NULL,'Washington','DC',NULL,'United States','US',38.8904,-77.032),(173,'Axminster, Devon, United Kingdom',NULL,'Axminster','England',NULL,'United Kingdom','GB',50.7775,-3.02433),(174,'Washington, DC',NULL,'Washington','DC',NULL,'United States','US',38.8904,-77.032),(175,'San Francisco, CA',NULL,'San Francisco','CA',NULL,'United States','US',37.7771,-122.42),(176,'New York, NY',NULL,'New York','NY',NULL,'United States','US',40.782,-73.8317),(177,'Birmingham, Birmingham, United Kingdom',NULL,'Birmingham','England',NULL,'United Kingdom','GB',52.4787,-1.90848),(178,'Nigeria',NULL,NULL,NULL,NULL,'Nigeria','NG',9.55951,8.07788),(179,'Washington, DC',NULL,'Washington','DC',NULL,'United States','US',38.8904,-77.032),(180,'Netherlands',NULL,NULL,NULL,NULL,'Netherlands','NL',52.3423,5.52816),(181,'San Francisco, CA',NULL,'San Francisco','CA',NULL,'United States','US',37.7771,-122.42),(182,'Washington, DC',NULL,'Washington','DC',NULL,'United States','US',38.8904,-77.032),(183,'Los Angeles, CA',NULL,'Los Angeles','CA',NULL,'United States','US',34.0535,-118.245),(184,'France',NULL,NULL,NULL,NULL,'France','FR',46.6373,2.33826),(185,'Pforzheim, BW, Germany',NULL,'Pforzheim','BW',NULL,'Germany','DE',48.8935,8.70698),(186,'Redlands, CA',NULL,'Redlands','CA',NULL,'United States','US',34.0553,-117.183),(187,'Mountain View, CA',NULL,'Mountain View','CA',NULL,'United States','US',37.3897,-122.082),(188,'Arizona',NULL,NULL,'AZ',NULL,'United States','US',34.293,-111.665),(189,'United Kingdom',NULL,NULL,NULL,NULL,'United Kingdom','GB',54.5609,-2.21251),(190,'Anschlussstelle Darmstadt-West, 64295 Darmstadt','Anschlussstelle Darmstadt-West','Darmstadt','HE','64295','Germany','DE',49.8675,8.61418),(191,'Poland',NULL,NULL,NULL,NULL,'Poland','PL',52.1479,19.3778),(192,'Manila, Philippines',NULL,'Manila','National Capital Region',NULL,'Philippines','PH',14.5874,120.984),(193,'Bogota, D.C., Colombia',NULL,'Bogota, D.C.','Capital District',NULL,'Colombia','CO',4.61495,-74.0694),(194,'Federal District',NULL,NULL,'DF',NULL,'Mexico','MX',19.2794,-99.1348),(195,'New York, NY',NULL,'New York','NY',NULL,'United States','US',40.782,-73.8317),(196,'San Francisco, CA',NULL,'San Francisco','CA',NULL,'United States','US',37.7771,-122.42),(197,'New York, NY',NULL,'New York','NY',NULL,'United States','US',40.782,-73.8317),(198,'Phoenix, AZ',NULL,'Phoenix','AZ',NULL,'United States','US',33.4482,-112.076),(199,'Philadelphia, PA',NULL,'Philadelphia','PA',NULL,'United States','US',39.9523,-75.1625),(200,'New York, NY',NULL,'New York','NY',NULL,'United States','US',40.782,-73.8317),(201,'Philadelphia, PA',NULL,'Philadelphia','PA',NULL,'United States','US',39.9523,-75.1625),(202,'Los Angeles, CA',NULL,'Los Angeles','CA',NULL,'United States','US',34.0535,-118.245),(203,'France',NULL,NULL,NULL,NULL,'France','FR',46.6373,2.33826),(204,'San Francisco, CA',NULL,'San Francisco','CA',NULL,'United States','US',37.7771,-122.42),(205,'Santa Cruz, CA',NULL,'Santa Cruz','CA',NULL,'United States','US',36.974,-122.031),(206,'France',NULL,NULL,NULL,NULL,'France','FR',46.6373,2.33826),(207,'New York, NY',NULL,'New York','NY',NULL,'United States','US',40.782,-73.8317),(208,'Cambridge, MA',NULL,'Cambridge','MA',NULL,'United States','US',42.3668,-71.106),(209,'Salt Lake City, UT',NULL,'Salt Lake City','UT',NULL,'United States','US',40.7603,-111.888),(210,'Berlin',NULL,NULL,'BE',NULL,'Germany','DE',52.5014,13.4023),(211,'New York, NY',NULL,'New York','NY',NULL,'United States','US',40.782,-73.8317),(212,'Washington, DC',NULL,'Washington','DC',NULL,'United States','US',38.8904,-77.032),(213,'Noida, India',NULL,'Noida','Uttar Pradesh',NULL,'India','IN',28.5352,77.3862),(214,'Los Angeles, CA',NULL,'Los Angeles','CA',NULL,'United States','US',34.0535,-118.245),(215,'San Francisco, CA',NULL,'San Francisco','CA',NULL,'United States','US',37.7771,-122.42),(216,'Palo Alto, CA',NULL,'Palo Alto','CA',NULL,'United States','US',37.4447,-122.161),(217,'Kansas City, MO',NULL,'Kansas City','MO',NULL,'United States','US',39.103,-94.5831),(218,'Minneapolis, MN',NULL,'Minneapolis','MN',NULL,'United States','US',44.979,-93.2649),(219,'San Francisco, CA',NULL,'San Francisco','CA',NULL,'United States','US',37.7771,-122.42),(220,'Palo Alto, CA',NULL,'Palo Alto','CA',NULL,'United States','US',37.4447,-122.161),(221,'Bristol, Bristol, United Kingdom',NULL,'Bristol','England',NULL,'United Kingdom','GB',51.4538,-2.59168),(222,'San Francisco, CA',NULL,'San Francisco','CA',NULL,'United States','US',37.7771,-122.42),(223,'Kansas City, MO',NULL,'Kansas City','MO',NULL,'United States','US',39.103,-94.5831),(224,'New York, NY',NULL,'New York','NY',NULL,'United States','US',40.782,-73.8317),(225,'Kansas City, MO',NULL,'Kansas City','MO',NULL,'United States','US',39.103,-94.5831),(226,'Shibuya-ku, Japan',NULL,'Shibuya-ku','Tokyo',NULL,'Japan','JP',35.664,139.698),(227,'Los Angeles, CA',NULL,'Los Angeles','CA',NULL,'United States','US',34.0535,-118.245),(228,'Ixelles, Belgium',NULL,'Ixelles','Brussels Region',NULL,'Belgium','BE',50.8257,4.37254),(229,'New York, NY',NULL,'New York','NY',NULL,'United States','US',40.782,-73.8317),(230,'Canada',NULL,NULL,NULL,NULL,'Canada','CA',62.8329,-95.9133),(231,'San Francisco, CA',NULL,'San Francisco','CA',NULL,'United States','US',37.7771,-122.42),(232,'Australia',NULL,NULL,NULL,NULL,'Australia','AU',-25.5852,134.504),(233,'Bengaluru, India',NULL,'Bengaluru','Karnataka',NULL,'India','IN',12.967,77.5873),(234,'Brooklyn, NY',NULL,'Brooklyn','NY',NULL,'United States','US',40.6925,-73.9904),(235,'25 Broadway, New York, NY 10004','25 Broadway','New York','NY','10004','United States','US',40.7057,-74.0135),(236,'Denver, CO',NULL,'Denver','CO',NULL,'United States','US',39.74,-104.992),(237,'Berkeley, CA',NULL,'Berkeley','CA',NULL,'United States','US',37.8699,-122.271),(238,'Riga, Latvia',NULL,'Riga','Riga',NULL,'Latvia','LV',57.0277,24.0447),(239,'Australia',NULL,NULL,NULL,NULL,'Australia','AU',-25.5852,134.504),(240,'Washington, DC',NULL,'Washington','DC',NULL,'United States','US',38.8904,-77.032),(241,'Nairobi, Kenya',NULL,'Nairobi','Nairobi',NULL,'Kenya','KE',-1.27367,36.8749),(242,'Santiago Metropolitan',NULL,NULL,'Santiago Metropolitan',NULL,'Chile','CL',-33.6039,-70.627),(243,'Madrid, Community of Madrid, Spain',NULL,'Madrid','Community of Madrid',NULL,'Spain','ES',40.4203,-3.70577),(244,'London, London, United Kingdom',NULL,'London','England',NULL,'United Kingdom','GB',51.5064,-0.12721),(245,'Warsaw, Poland',NULL,'Warsaw','MA',NULL,'Poland','PL',52.2287,21.0063),(246,'Dallas, TX',NULL,'Dallas','TX',NULL,'United States','US',32.7781,-96.7954),(247,'Los Angeles, CA',NULL,'Los Angeles','CA',NULL,'United States','US',34.0535,-118.245),(248,'Chicago, IL',NULL,'Chicago','IL',NULL,'United States','US',41.8843,-87.6324),(249,'San Francisco, CA',NULL,'San Francisco','CA',NULL,'United States','US',37.7771,-122.42),(250,'Yorkville, IL',NULL,'Yorkville','IL',NULL,'United States','US',41.6391,-88.448),(251,'Paris, Paris, France',NULL,'Paris','IdF',NULL,'France','FR',48.8569,2.3412),(252,'Berlin, 24848 Klein Bennebek','Berlin','Klein Bennebek','SH','24848','Germany','DE',54.4039,9.43333),(253,'New York, NY',NULL,'New York','NY',NULL,'United States','US',40.782,-73.8317),(254,'Santa Monica, CA',NULL,'Santa Monica','CA',NULL,'United States','US',34.0116,-118.492),(255,'Baltimore, MD',NULL,'Baltimore','MD',NULL,'United States','US',39.2906,-76.6093),(256,'Baltimore, MD',NULL,'Baltimore','MD',NULL,'United States','US',39.2906,-76.6093),(257,'San Francisco, CA',NULL,'San Francisco','CA',NULL,'United States','US',37.7771,-122.42),(258,'Amsterdam, Netherlands',NULL,'Amsterdam','North Holland',NULL,'Netherlands','NL',52.3307,4.86654),(259,'London, London, United Kingdom',NULL,'London','England',NULL,'United Kingdom','GB',51.5064,-0.12721),(260,'New York, NY',NULL,'New York','NY',NULL,'United States','US',40.782,-73.8317),(261,'London, London, United Kingdom',NULL,'London','England',NULL,'United Kingdom','GB',51.5064,-0.12721),(262,'Brooklyn, NY',NULL,'Brooklyn','NY',NULL,'United States','US',40.6925,-73.9904),(263,'New York, NY',NULL,'New York','NY',NULL,'United States','US',40.782,-73.8317),(264,'Brooklyn, NY',NULL,'Brooklyn','NY',NULL,'United States','US',40.6925,-73.9904),(265,'Berkeley, CA',NULL,'Berkeley','CA',NULL,'United States','US',37.8699,-122.271),(266,'Aachenstrae, 78333 Stockach','Aachenstrae','Stockach','BW','78333','Germany','DE',47.8526,9.00794),(267,'San Francisco, CA',NULL,'San Francisco','CA',NULL,'United States','US',37.7771,-122.42),(268,'Boston, MA',NULL,'Boston','MA',NULL,'United States','US',42.3587,-71.0567),(269,'Tucson, AZ',NULL,'Tucson','AZ',NULL,'United States','US',32.2215,-110.97),(270,'Palo Alto St, Victoria, BC V8P, Canada','Palo Alto St','Saanich','BC','V8P','Canada','CA',48.4627,-123.329),(271,'Toronto, ON',NULL,'Toronto','ON',NULL,'Canada','CA',43.6574,-79.4328),(272,'Atlanta, GA',NULL,'Atlanta','GA',NULL,'United States','US',33.7483,-84.3911),(273,'Cambridge, MA',NULL,'Cambridge','MA',NULL,'United States','US',42.3668,-71.106),(274,'Washington, DC',NULL,'Washington','DC',NULL,'United States','US',38.8904,-77.032),(275,'Palo Alto, CA',NULL,'Palo Alto','CA',NULL,'United States','US',37.4447,-122.161),(276,'Boston, MA',NULL,'Boston','MA',NULL,'United States','US',42.3587,-71.0567),(277,'New York, NY',NULL,'New York','NY',NULL,'United States','US',40.782,-73.8317),(278,'Chicago, IL',NULL,'Chicago','IL',NULL,'United States','US',41.8843,-87.6324),(279,'Chicago, IL',NULL,'Chicago','IL',NULL,'United States','US',41.8843,-87.6324),(280,'Chicago, IL',NULL,'Chicago','IL',NULL,'United States','US',41.8843,-87.6324),(281,'Chicago, IL',NULL,'Chicago','IL',NULL,'United States','US',41.8843,-87.6324),(282,'Chicago, IL',NULL,'Chicago','IL',NULL,'United States','US',41.8843,-87.6324),(283,'Batavia, IL',NULL,'Batavia','IL',NULL,'United States','US',41.85,-88.3088),(284,'Chicago, IL',NULL,'Chicago','IL',NULL,'United States','US',41.8843,-87.6324),(285,'Chicago, IL',NULL,'Chicago','IL',NULL,'United States','US',41.8843,-87.6324),(286,'Chicago, IL',NULL,'Chicago','IL',NULL,'United States','US',41.8843,-87.6324),(287,'Chicago, IL',NULL,'Chicago','IL',NULL,'United States','US',41.8843,-87.6324),(288,'Philadelphia, PA',NULL,'Philadelphia','PA',NULL,'United States','US',39.9523,-75.1625),(289,'Philadelphia, PA',NULL,'Philadelphia','PA',NULL,'United States','US',39.9523,-75.1625),(290,'New York, NY',NULL,'New York','NY',NULL,'United States','US',40.782,-73.8317),(291,'Miami, FL',NULL,'Miami','FL',NULL,'United States','US',25.7748,-80.1977),(292,'Chicago, IL',NULL,'Chicago','IL',NULL,'United States','US',41.8843,-87.6324),(293,'New York, NY',NULL,'New York','NY',NULL,'United States','US',40.782,-73.8317),(294,'New York, NY',NULL,'New York','NY',NULL,'United States','US',40.782,-73.8317),(295,'San Francisco, CA',NULL,'San Francisco','CA',NULL,'United States','US',37.7771,-122.42),(296,'Seattle, WA',NULL,'Seattle','WA',NULL,'United States','US',47.6036,-122.329),(297,'Washington, DC',NULL,'Washington','DC',NULL,'United States','US',38.8904,-77.032),(298,'Berkshire, United Kingdom',NULL,NULL,'England',NULL,'United Kingdom','GB',51.4503,-1.30496),(299,'San Francisco, CA',NULL,'San Francisco','CA',NULL,'United States','US',37.7771,-122.42),(300,'New York, NY',NULL,'New York','NY',NULL,'United States','US',40.782,-73.8317),(301,'San Francisco, CA',NULL,'San Francisco','CA',NULL,'United States','US',37.7771,-122.42),(302,'Sebastopol, CA',NULL,'Sebastopol','CA',NULL,'United States','US',38.4017,-122.825),(303,'Mountain View, CA',NULL,'Mountain View','CA',NULL,'United States','US',37.3897,-122.082),(304,'New York, NY',NULL,'New York','NY',NULL,'United States','US',40.782,-73.8317),(305,'Washington, DC',NULL,'Washington','DC',NULL,'United States','US',38.8904,-77.032),(306,'Armonk, NY',NULL,'Armonk','NY',NULL,'United States','US',41.1194,-73.7084),(307,'Washington, DC',NULL,'Washington','DC',NULL,'United States','US',38.8904,-77.032),(308,'Denver, CO',NULL,'Denver','CO',NULL,'United States','US',39.74,-104.992),(309,'Cambridge, MA',NULL,'Cambridge','MA',NULL,'United States','US',42.3668,-71.106),(310,'Redmond, WA',NULL,'Redmond','WA',NULL,'United States','US',47.6786,-122.132),(311,'137 Varick St, New York, NY 10013','137 Varick St','New York','NY','10013','United States','US',40.7259,-74.0062),(312,'New York, NY',NULL,'New York','NY',NULL,'United States','US',40.782,-73.8317),(313,'New York, NY',NULL,'New York','NY',NULL,'United States','US',40.782,-73.8317),(314,'Washington, DC',NULL,'Washington','DC',NULL,'United States','US',38.8904,-77.032),(315,'London, London, United Kingdom',NULL,'London','England',NULL,'United Kingdom','GB',51.5064,-0.12721),(316,'Chicago, IL',NULL,'Chicago','IL',NULL,'United States','US',41.8843,-87.6324),(317,'Washington, DC',NULL,'Washington','DC',NULL,'United States','US',38.8904,-77.032),(318,'San Francisco, CA',NULL,'San Francisco','CA',NULL,'United States','US',37.7771,-122.42),(319,'London, London, United Kingdom',NULL,'London','England',NULL,'United Kingdom','GB',51.5064,-0.12721),(320,'Chicago, IL',NULL,'Chicago','IL',NULL,'United States','US',41.8843,-87.6324),(321,'Menlo Park, CA',NULL,'Menlo Park','CA',NULL,'United States','US',37.4553,-122.179),(322,'Mountain View, CA',NULL,'Mountain View','CA',NULL,'United States','US',37.3897,-122.082),(323,'New York, NY',NULL,'New York','NY',NULL,'United States','US',40.782,-73.8317),(324,'New York, NY',NULL,'New York','NY',NULL,'United States','US',40.782,-73.8317),(325,'Seattle, WA',NULL,'Seattle','WA',NULL,'United States','US',47.6036,-122.329),(326,'Chicago, IL',NULL,'Chicago','IL',NULL,'United States','US',41.8843,-87.6324),(327,'New York, NY',NULL,'New York','NY',NULL,'United States','US',40.782,-73.8317),(328,'New York, NY',NULL,'New York','NY',NULL,'United States','US',40.782,-73.8317),(329,'San Francisco, CA',NULL,'San Francisco','CA',NULL,'United States','US',37.7771,-122.42),(330,'Syracuse, NY',NULL,'Syracuse','NY',NULL,'United States','US',43.05,-76.1474),(331,'San Francisco, CA',NULL,'San Francisco','CA',NULL,'United States','US',37.7771,-122.42),(332,'New York, NY',NULL,'New York','NY',NULL,'United States','US',40.782,-73.8317),(333,'Palo Alto, CA',NULL,'Palo Alto','CA',NULL,'United States','US',37.4447,-122.161),(334,'San Francisco, CA',NULL,'San Francisco','CA',NULL,'United States','US',37.7771,-122.42),(335,'Burlington, WV',NULL,'Burlington','WV',NULL,'United States','US',39.3375,-78.9162),(336,'150 Court St, Brooklyn, NY 11201','150 Court St','Brooklyn','NY','11201','United States','US',40.6888,-73.9929),(337,'New York, NY',NULL,'New York','NY',NULL,'United States','US',40.782,-73.8317),(338,'New York, NY',NULL,'New York','NY',NULL,'United States','US',40.782,-73.8317),(339,'Washington, DC',NULL,'Washington','DC',NULL,'United States','US',38.8904,-77.032),(340,'New York, NY',NULL,'New York','NY',NULL,'United States','US',40.782,-73.8317),(341,'Washington, DC',NULL,'Washington','DC',NULL,'United States','US',38.8904,-77.032),(342,'Washington, DC',NULL,'Washington','DC',NULL,'United States','US',38.8904,-77.032),(343,'Washington, DC',NULL,'Washington','DC',NULL,'United States','US',38.8904,-77.032),(344,'San Francisco, CA',NULL,'San Francisco','CA',NULL,'United States','US',37.7771,-122.42),(345,'San Juan, Puerto Rico',NULL,'San Juan',NULL,NULL,'Puerto Rico','PR',18.4515,-66.0695),(346,'San Juan, Puerto Rico',NULL,'San Juan',NULL,NULL,'Puerto Rico','PR',18.4515,-66.0695),(347,'Washington, DC',NULL,'Washington','DC',NULL,'United States','US',38.8904,-77.032),(348,'Federal District',NULL,NULL,'DF',NULL,'Mexico','MX',19.2794,-99.1348),(349,'Singapore',NULL,NULL,NULL,NULL,'Singapore','SG',1.322,103.821),(350,'Seattle, WA',NULL,'Seattle','WA',NULL,'United States','US',47.6036,-122.329),(351,'156 5th Ave, New York, NY 10010','156 5th Ave','New York','NY','10010','United States','US',40.7399,-73.9908),(352,'Oakland, CA',NULL,'Oakland','CA',NULL,'United States','US',37.8051,-122.273),(353,'New York, NY',NULL,'New York','NY',NULL,'United States','US',40.782,-73.8317),(354,'Washington, DC',NULL,'Washington','DC',NULL,'United States','US',38.8904,-77.032),(355,'London, London, United Kingdom',NULL,'London','England',NULL,'United Kingdom','GB',51.5064,-0.12721),(356,'London, London, United Kingdom',NULL,'London','England',NULL,'United Kingdom','GB',51.5064,-0.12721),(357,'Chicago, IL',NULL,'Chicago','IL',NULL,'United States','US',41.8843,-87.6324),(358,'Chicago, IL',NULL,'Chicago','IL',NULL,'United States','US',41.8843,-87.6324),(359,'San Francisco, CA',NULL,'San Francisco','CA',NULL,'United States','US',37.7771,-122.42),(360,'Virginia, South Africa',NULL,'Virginia','Free State',NULL,'South Africa','ZA',-28.0938,26.8628),(361,'San Diego, CA',NULL,'San Diego','CA',NULL,'United States','US',32.7157,-117.162),(362,'Boston, MA',NULL,'Boston','MA',NULL,'United States','US',42.3587,-71.0567),(363,'San Francisco, CA',NULL,'San Francisco','CA',NULL,'United States','US',37.7771,-122.42),(364,'San Francisco, CA',NULL,'San Francisco','CA',NULL,'United States','US',37.7771,-122.42),(365,'New York, NY',NULL,'New York','NY',NULL,'United States','US',40.782,-73.8317),(366,'Sebastopol, CA',NULL,'Sebastopol','CA',NULL,'United States','US',38.4017,-122.825),(367,'Brooklyn, NY',NULL,'Brooklyn','NY',NULL,'United States','US',40.6925,-73.9904),(368,'Los Angeles, CA',NULL,'Los Angeles','CA',NULL,'United States','US',34.0535,-118.245),(369,'San Francisco, CA',NULL,'San Francisco','CA',NULL,'United States','US',37.7771,-122.42),(370,'52 Chambers St, New York, NY 10007','52 Chambers St','New York','NY','10007','United States','US',40.7128,-74.0062),(371,'New York, NY',NULL,'New York','NY',NULL,'United States','US',40.782,-73.8317),(372,'New York, NY',NULL,'New York','NY',NULL,'United States','US',40.782,-73.8317),(373,'Orlando, FL',NULL,'Orlando','FL',NULL,'United States','US',28.5382,-81.3774),(374,'Nairobi, Kenya',NULL,'Nairobi','Nairobi',NULL,'Kenya','KE',-1.27367,36.8749),(375,'New York, NY',NULL,'New York','NY',NULL,'United States','US',40.782,-73.8317),(376,'New York, NY',NULL,'New York','NY',NULL,'United States','US',40.782,-73.8317),(377,'Washington, DC',NULL,'Washington','DC',NULL,'United States','US',38.8904,-77.032),(378,'Brooklyn, NY',NULL,'Brooklyn','NY',NULL,'United States','US',40.6925,-73.9904),(379,'Madrid, Community of Madrid, Spain',NULL,'Madrid','Community of Madrid',NULL,'Spain','ES',40.4203,-3.70577),(380,'222 Broadway, New York, NY 10007','222 Broadway','New York','NY','10007','United States','US',40.7113,-74.0087),(381,'Los Angeles, CA',NULL,'Los Angeles','CA',NULL,'United States','US',34.0535,-118.245),(382,'335 Pioneer Way, Mountain View, CA 94041','335 Pioneer Way','Mountain View','CA','94041','United States','US',37.3862,-122.067),(383,'25 Broadway, New York, NY 10004','25 Broadway','New York','NY','10004','United States','US',40.7057,-74.0135),(384,'233 Broadway, New York, NY 10007','233 Broadway','New York','NY','10007','United States','US',40.7125,-74.0083),(385,'San Francisco, CA',NULL,'San Francisco','CA',NULL,'United States','US',37.7771,-122.42),(386,'Washington, DC',NULL,'Washington','DC',NULL,'United States','US',38.8904,-77.032),(387,'New York, NY',NULL,'New York','NY',NULL,'United States','US',40.782,-73.8317),(388,'Boston, MA',NULL,'Boston','MA',NULL,'United States','US',42.3587,-71.0567),(389,'Los Angeles, CA',NULL,'Los Angeles','CA',NULL,'United States','US',34.0535,-118.245),(390,'Chicago, IL',NULL,'Chicago','IL',NULL,'United States','US',41.8843,-87.6324),(391,'Austin, TX',NULL,'Austin','TX',NULL,'United States','US',30.2676,-97.743),(392,'New York, NY',NULL,'New York','NY',NULL,'United States','US',40.782,-73.8317),(393,'Portland, OR',NULL,'Portland','OR',NULL,'United States','US',45.5118,-122.676),(394,'Tel Aviv, Israel',NULL,'Tel Aviv','Tel Aviv',NULL,'Israel','IL',32.0853,34.7901),(395,NULL,NULL,NULL,NULL,NULL,NULL,NULL,NULL,NULL),(396,'Boston, MA',NULL,'Boston','MA',NULL,'United States','US',42.3587,-71.0567),(397,'Philadelphia, PA',NULL,'Philadelphia','PA',NULL,'United States','US',39.9523,-75.1625),(398,'Pakistan',NULL,NULL,NULL,NULL,'Pakistan','PK',29.9232,69.3577),(399,'Tlaxcoaque 8, Centro, 06010 Cuauhtmoc, DF, Mexico','Tlaxcoaque 8','Cuauhtmoc','DF','06010','Mexico','MX',19.4228,-99.1339),(400,'Schlesische Strae 6, 10997 Berlin','Schlesische Strae 6','Berlin','BE','10997','Germany','DE',52.5002,13.4431),(401,'Louisville, KY',NULL,'Louisville','KY',NULL,'United States','US',38.2549,-85.7664),(402,'Chicago, IL',NULL,'Chicago','IL',NULL,'United States','US',41.8843,-87.6324),(403,'Minneapolis, MN',NULL,'Minneapolis','MN',NULL,'United States','US',44.979,-93.2649),(404,'St Paul, MN',NULL,'St Paul','MN',NULL,'United States','US',44.9438,-93.0933),(405,'Peshawar, Pakistan',NULL,'Peshawar','North-West Frontier',NULL,'Pakistan','PK',34.01,71.5584),(406,'Islamabad, Pakistan',NULL,'Islamabad','Islmbd',NULL,'Pakistan','PK',33.7077,73.0705),(407,'Johannesburg, South Africa',NULL,'Johannesburg','Gauteng',NULL,'South Africa','ZA',-26.2121,28.03),(408,'New York, NY',NULL,'New York','NY',NULL,'United States','US',40.782,-73.8317),(409,'United States',NULL,NULL,NULL,NULL,'United States','US',39.4433,-98.9573),(410,'Canada',NULL,NULL,NULL,NULL,'Canada','CA',62.8329,-95.9133),(411,NULL,NULL,NULL,NULL,NULL,NULL,NULL,NULL,NULL),(412,'Nairobi, Kenya',NULL,'Nairobi','Nairobi',NULL,'Kenya','KE',-1.27367,36.8749),(413,'Abuja, Nigeria',NULL,'Abuja','Federal Capital Territory',NULL,'Nigeria','NG',9.06309,7.46178),(414,'Abuja, Nigeria',NULL,'Abuja','Federal Capital Territory',NULL,'Nigeria','NG',9.06309,7.46178),(415,'Lagos, Nigeria',NULL,'Lagos','Lagos',NULL,'Nigeria','NG',6.6016,3.39686),(416,'Mbombela, South Africa',NULL,'Mbombela','Mpumalanga',NULL,'South Africa','ZA',-25.474,30.9746),(417,'Istanbul, Turkey',NULL,'Istanbul','Istanbul',NULL,'Turkey','TR',41.0607,28.9878),(418,'Johannesburg, South Africa',NULL,'Johannesburg','Gauteng',NULL,'South Africa','ZA',-26.2121,28.03),(419,'Nairobi, Kenya',NULL,'Nairobi','Nairobi',NULL,'Kenya','KE',-1.27367,36.8749),(420,'Kampala, Uganda',NULL,'Kampala','Central',NULL,'Uganda','UG',0.32538,32.587),(421,'Cape Town, South Africa',NULL,'Cape Town','Western Cape',NULL,'South Africa','ZA',-33.9205,18.4212),(422,'Cape Town, South Africa',NULL,'Cape Town','Western Cape',NULL,'South Africa','ZA',-33.9205,18.4212),(423,'Nairobi, Kenya',NULL,'Nairobi','Nairobi',NULL,'Kenya','KE',-1.27367,36.8749),(424,'Nairobi, Kenya',NULL,'Nairobi','Nairobi',NULL,'Kenya','KE',-1.27367,36.8749),(425,'Johannesburg, South Africa',NULL,'Johannesburg','Gauteng',NULL,'South Africa','ZA',-26.2121,28.03),(426,'Kigali, Rwanda',NULL,'Kigali','Umujyi Wa Kigali',NULL,'Rwanda','RW',-1.95933,30.0384),(427,'Lagos, Nigeria',NULL,'Lagos','Lagos',NULL,'Nigeria','NG',6.6016,3.39686),(428,'Cape Town, South Africa',NULL,'Cape Town','Western Cape',NULL,'South Africa','ZA',-33.9205,18.4212),(429,'Addis Ababa, Ethiopia',NULL,'Addis Ababa',NULL,NULL,'Ethiopia','ET',9.0336,38.7445),(430,'Accra, Ghana',NULL,'Accra','Greater Accra',NULL,'Ghana','GH',5.58107,-0.19897),(431,'Durban, South Africa',NULL,'Durban','Kwazulu Natal',NULL,'South Africa','ZA',-29.8492,30.9873),(432,'Durban, South Africa',NULL,'Durban','Kwazulu Natal',NULL,'South Africa','ZA',-29.8492,30.9873),(433,'Nairobi, Kenya',NULL,'Nairobi','Nairobi',NULL,'Kenya','KE',-1.27367,36.8749),(434,'Cape Town, South Africa',NULL,'Cape Town','Western Cape',NULL,'South Africa','ZA',-33.9205,18.4212),(435,'Johannesburg, South Africa',NULL,'Johannesburg','Gauteng',NULL,'South Africa','ZA',-26.2121,28.03),(436,'Nairobi, Kenya',NULL,'Nairobi','Nairobi',NULL,'Kenya','KE',-1.27367,36.8749),(437,'Dar es Salaam, Tanzania',NULL,'Dar es Salaam','Dar es Salaam',NULL,'Tanzania','TZ',-6.7832,39.2677),(438,'Kampala, Uganda',NULL,'Kampala','Central',NULL,'Uganda','UG',0.32538,32.587),(439,'Addis Ababa, Ethiopia',NULL,'Addis Ababa',NULL,NULL,'Ethiopia','ET',9.0336,38.7445),(440,'Accra, Ghana',NULL,'Accra','Greater Accra',NULL,'Ghana','GH',5.58107,-0.19897),(441,'Abuja, Nigeria',NULL,'Abuja','Federal Capital Territory',NULL,'Nigeria','NG',9.06309,7.46178),(442,'Lagos, Nigeria',NULL,'Lagos','Lagos',NULL,'Nigeria','NG',6.6016,3.39686),(443,'Kigali, Rwanda',NULL,'Kigali','Umujyi Wa Kigali',NULL,'Rwanda','RW',-1.95933,30.0384),(444,NULL,NULL,NULL,'BE',NULL,'Germany','DE',52.5014,13.4024),(445,'Germany',NULL,NULL,NULL,NULL,'Germany','DE',51.2025,10.3822),(446,'Shibuya-ku, Japan',NULL,'Shibuya-ku','Tokyo',NULL,'Japan','JP',35.6623,139.707),(447,'Shibuya-ku, Japan',NULL,'Shibuya-ku','Tokyo',NULL,'Japan','JP',35.6623,139.707),(448,'Nairobi, Nairobi',NULL,'Nairobi','Nairobi',NULL,'Kenya','KE',-1.27367,36.8749),(449,'Paris, Paris, France',NULL,'Paris','IdF',NULL,'France','FR',48.8569,2.3412),(450,'Boston, MA',NULL,'Boston','MA',NULL,'United States','US',42.3587,-71.0567),(451,'Boston, MA',NULL,'Boston','MA',NULL,'United States','US',42.3587,-71.0567),(452,'Cambridge, MA',NULL,'Cambridge','MA',NULL,'United States','US',42.3668,-71.106),(453,'Boston, MA',NULL,'Boston','MA',NULL,'United States','US',42.3587,-71.0567),(454,'Cambridge, MA',NULL,'Cambridge','MA',NULL,'United States','US',42.3668,-71.106),(455,'Boston, MA',NULL,'Boston','MA',NULL,'United States','US',42.3587,-71.0567),(456,'Boston, MA',NULL,'Boston','MA',NULL,'United States','US',42.3587,-71.0567),(457,'Boston, MA',NULL,'Boston','MA',NULL,'United States','US',42.3587,-71.0567),(458,'Boston, MA',NULL,'Boston','MA',NULL,'United States','US',42.3587,-71.0567),(459,'Boston, MA',NULL,'Boston','MA',NULL,'United States','US',42.3587,-71.0567),(460,'Boston, MA',NULL,'Boston','MA',NULL,'United States','US',42.3587,-71.0567),(461,'Boston, MA',NULL,'Boston','MA',NULL,'United States','US',42.3587,-71.0567),(462,'Boston, MA',NULL,'Boston','MA',NULL,'United States','US',42.3587,-71.0567),(463,'Boston, MA',NULL,'Boston','MA',NULL,'United States','US',42.3587,-71.0567),(464,'Boston, MA',NULL,'Boston','MA',NULL,'United States','US',42.3587,-71.0567),(465,'Boston, MA',NULL,'Boston','MA',NULL,'United States','US',42.3587,-71.0567),(466,'Boston, MA',NULL,'Boston','MA',NULL,'United States','US',42.3587,-71.0567),(467,'Cambridge, MA',NULL,'Cambridge','MA',NULL,'United States','US',42.3668,-71.106),(468,'Boston, MA',NULL,'Boston','MA',NULL,'United States','US',42.3587,-71.0567),(469,'Cambridge, MA',NULL,'Cambridge','MA',NULL,'United States','US',42.3668,-71.106),(470,'Boston, MA',NULL,'Boston','MA',NULL,'United States','US',42.3587,-71.0567),(471,'Boston, MA',NULL,'Boston','MA',NULL,'United States','US',42.3587,-71.0567),(472,'Cambridge, MA',NULL,'Cambridge','MA',NULL,'United States','US',42.3668,-71.106),(473,'Boston, MA',NULL,'Boston','MA',NULL,'United States','US',42.3587,-71.0567),(474,'Cambridge, MA',NULL,'Cambridge','MA',NULL,'United States','US',42.3668,-71.106),(475,'Boston, MA',NULL,'Boston','MA',NULL,'United States','US',42.3587,-71.0567),(476,'Boston, MA',NULL,'Boston','MA',NULL,'United States','US',42.3587,-71.0567),(477,'Burlington, MA',NULL,'Burlington','MA',NULL,'United States','US',42.5058,-71.1938),(478,'Boston, MA',NULL,'Boston','MA',NULL,'United States','US',42.3587,-71.0567),(479,'Boston, MA',NULL,'Boston','MA',NULL,'United States','US',42.3587,-71.0567),(480,'Boston, MA',NULL,'Boston','MA',NULL,'United States','US',42.3587,-71.0567),(481,'Boston, MA',NULL,'Boston','MA',NULL,'United States','US',42.3587,-71.0567),(482,'Marlborough, MA',NULL,'Marlborough','MA',NULL,'United States','US',42.3468,-71.548),(483,'Boston, MA',NULL,'Boston','MA',NULL,'United States','US',42.3587,-71.0567),(484,'Cambridge, MA',NULL,'Cambridge','MA',NULL,'United States','US',42.3668,-71.106),(485,'Boston, MA',NULL,'Boston','MA',NULL,'United States','US',42.3587,-71.0567),(486,'Boston, MA',NULL,'Boston','MA',NULL,'United States','US',42.3587,-71.0567),(487,'Boston, MA',NULL,'Boston','MA',NULL,'United States','US',42.3587,-71.0567),(488,'Boston, MA',NULL,'Boston','MA',NULL,'United States','US',42.3587,-71.0567),(489,'Boston, MA',NULL,'Boston','MA',NULL,'United States','US',42.3587,-71.0567),(490,'Boston, MA',NULL,'Boston','MA',NULL,'United States','US',42.3587,-71.0567),(491,'Boston, MA',NULL,'Boston','MA',NULL,'United States','US',42.3587,-71.0567),(492,'Cambridge, MA',NULL,'Cambridge','MA',NULL,'United States','US',42.3668,-71.106),(493,'Roxbury, MA',NULL,'Roxbury','MA',NULL,'United States','US',42.3251,-71.0953),(494,'Boston, MA',NULL,'Boston','MA',NULL,'United States','US',42.3587,-71.0567),(495,'Boston, MA',NULL,'Boston','MA',NULL,'United States','US',42.3587,-71.0567),(496,'Boston, MA',NULL,'Boston','MA',NULL,'United States','US',42.3587,-71.0567),(497,'Boston, MA',NULL,'Boston','MA',NULL,'United States','US',42.3587,-71.0567),(498,'Boston, MA',NULL,'Boston','MA',NULL,'United States','US',42.3587,-71.0567),(499,'Boston, MA',NULL,'Boston','MA',NULL,'United States','US',42.3587,-71.0567),(500,'Mountain View, CA',NULL,'Mountain View','CA',NULL,'United States','US',37.3897,-122.082),(501,NULL,NULL,NULL,NULL,NULL,NULL,NULL,NULL,NULL),(502,'Boston, MA',NULL,'Boston','MA',NULL,'United States','US',42.3587,-71.0567),(503,'Boston, MA',NULL,'Boston','MA',NULL,'United States','US',42.3587,-71.0567),(504,'Boston, MA',NULL,'Boston','MA',NULL,'United States','US',42.3587,-71.0567),(505,'Boston, MA',NULL,'Boston','MA',NULL,'United States','US',42.3587,-71.0567),(506,'Boston, MA',NULL,'Boston','MA',NULL,'United States','US',42.3587,-71.0567),(507,'Boston, MA',NULL,'Boston','MA',NULL,'United States','US',42.3587,-71.0567),(508,'Cambridge, MA',NULL,'Cambridge','MA',NULL,'United States','US',42.3668,-71.106),(509,'Boston, MA',NULL,'Boston','MA',NULL,'United States','US',42.3587,-71.0567),(510,'Roxbury, MA',NULL,'Roxbury','MA',NULL,'United States','US',42.3251,-71.0953),(511,'Salem, MA',NULL,'Salem','MA',NULL,'United States','US',42.5224,-70.8958),(512,'Boston, MA',NULL,'Boston','MA',NULL,'United States','US',42.3587,-71.0567),(513,'Boston, MA',NULL,'Boston','MA',NULL,'United States','US',42.3587,-71.0567),(514,'Sunnyvale, CA',NULL,'Sunnyvale','CA',NULL,'United States','US',37.3717,-122.038),(515,'Boston, MA',NULL,'Boston','MA',NULL,'United States','US',42.3587,-71.0567),(516,'Cambridge, MA',NULL,'Cambridge','MA',NULL,'United States','US',42.3668,-71.106),(517,'Boston, MA',NULL,'Boston','MA',NULL,'United States','US',42.3587,-71.0567),(518,'Holyoke, MA',NULL,'Holyoke','MA',NULL,'United States','US',42.207,-72.6074),(519,'Boston, MA',NULL,'Boston','MA',NULL,'United States','US',42.3587,-71.0567),(520,'Boston, MA',NULL,'Boston','MA',NULL,'United States','US',42.3587,-71.0567),(521,'Wellesley, MA',NULL,'Wellesley','MA',NULL,'United States','US',42.2978,-71.2897),(522,'Boston, MA',NULL,'Boston','MA',NULL,'United States','US',42.3587,-71.0567),(523,'Boston, MA',NULL,'Boston','MA',NULL,'United States','US',42.3587,-71.0567),(524,'Cambridge, MA',NULL,'Cambridge','MA',NULL,'United States','US',42.3668,-71.106),(525,'Boston, MA',NULL,'Boston','MA',NULL,'United States','US',42.3587,-71.0567),(526,'Wellesley, MA',NULL,'Wellesley','MA',NULL,'United States','US',42.2978,-71.2897),(527,'Boston, MA',NULL,'Boston','MA',NULL,'United States','US',42.3587,-71.0567),(528,'Waltham, MA',NULL,'Waltham','MA',NULL,'United States','US',42.3764,-71.2353),(529,'Boston, MA',NULL,'Boston','MA',NULL,'United States','US',42.3587,-71.0567),(530,'Boston, MA',NULL,'Boston','MA',NULL,'United States','US',42.3587,-71.0567),(531,'Boston, MA',NULL,'Boston','MA',NULL,'United States','US',42.3587,-71.0567),(532,'Cambridge, MA',NULL,'Cambridge','MA',NULL,'United States','US',42.3668,-71.106),(533,'Greater Boston',NULL,'Greater Boston',NULL,NULL,NULL,NULL,42.3582,-71.0637),(534,'Boston, MA',NULL,'Boston','MA',NULL,'United States','US',42.3587,-71.0567),(535,'Medford, MA',NULL,'Medford','MA',NULL,'United States','US',42.4198,-71.1088),(536,'Waltham, MA',NULL,'Waltham','MA',NULL,'United States','US',42.3764,-71.2353),(537,'Chestnut Hill, MA',NULL,'Chestnut Hill','MA',NULL,'United States','US',42.3261,-71.1646),(538,'Boston, MA',NULL,'Boston','MA',NULL,'United States','US',42.3587,-71.0567),(539,'Boston, MA',NULL,'Boston','MA',NULL,'United States','US',42.3587,-71.0567),(540,'Boston, MA',NULL,'Boston','MA',NULL,'United States','US',42.3587,-71.0567),(541,'Boston, MA',NULL,'Boston','MA',NULL,'United States','US',42.3587,-71.0567),(542,'Cambridge, MA',NULL,'Cambridge','MA',NULL,'United States','US',42.3668,-71.106),(543,'Boston, MA',NULL,'Boston','MA',NULL,'United States','US',42.3587,-71.0567),(544,'Boston, MA',NULL,'Boston','MA',NULL,'United States','US',42.3587,-71.0567),(545,'Cambridge, MA',NULL,'Cambridge','MA',NULL,'United States','US',42.3668,-71.106),(546,'Boston, MA',NULL,'Boston','MA',NULL,'United States','US',42.3587,-71.0567),(547,'Boston, MA',NULL,'Boston','MA',NULL,'United States','US',42.3587,-71.0567),(548,'Boston, MA',NULL,'Boston','MA',NULL,'United States','US',42.3587,-71.0567),(549,'Boston, MA',NULL,'Boston','MA',NULL,'United States','US',42.3587,-71.0567),(550,'Boston, MA',NULL,'Boston','MA',NULL,'United States','US',42.3587,-71.0567),(551,'Boston, MA',NULL,'Boston','MA',NULL,'United States','US',42.3587,-71.0567),(552,'Boston, MA',NULL,'Boston','MA',NULL,'United States','US',42.3587,-71.0567),(553,'Boston, MA',NULL,'Boston','MA',NULL,'United States','US',42.3587,-71.0567),(554,'Waltham, MA',NULL,'Waltham','MA',NULL,'United States','US',42.3764,-71.2353),(555,'Boston, MA',NULL,'Boston','MA',NULL,'United States','US',42.3587,-71.0567),(556,'Somerville, MA',NULL,'Somerville','MA',NULL,'United States','US',42.3867,-71.0983),(557,'Boston, MA',NULL,'Boston','MA',NULL,'United States','US',42.3587,-71.0567),(558,'Boston, MA',NULL,'Boston','MA',NULL,'United States','US',42.3587,-71.0567),(559,'Boston, MA',NULL,'Boston','MA',NULL,'United States','US',42.3587,-71.0567),(560,'Boston, MA',NULL,'Boston','MA',NULL,'United States','US',42.3587,-71.0567),(561,'Boston, MA',NULL,'Boston','MA',NULL,'United States','US',42.3587,-71.0567),(562,'Cambridge, MA',NULL,'Cambridge','MA',NULL,'United States','US',42.3668,-71.106),(563,'Cambridge, MA',NULL,'Cambridge','MA',NULL,'United States','US',42.3668,-71.106),(564,'Cambridge, MA',NULL,'Cambridge','MA',NULL,'United States','US',42.3668,-71.106),(565,'Cambridge, MA',NULL,'Cambridge','MA',NULL,'United States','US',42.3668,-71.106),(566,'Cambridge, MA',NULL,'Cambridge','MA',NULL,'United States','US',42.3668,-71.106),(567,'Watertown, MA',NULL,'Watertown','MA',NULL,'United States','US',42.3676,-71.1879),(568,'Brooklyn, NY',NULL,'Brooklyn','NY',NULL,'United States','US',40.6925,-73.9904),(569,'Princeton, NJ',NULL,'Princeton','NJ',NULL,'United States','US',40.3603,-74.6643),(570,'826 Broadway, New York, NY 10003','826 Broadway','New York','NY','10003','United States','US',40.7332,-73.9907),(571,'707 17th St, Denver, CO 80202','707 17th St','Denver','CO','80202','United States','US',39.747,-104.991),(572,'Johannesburg, South Africa',NULL,'Johannesburg','Gauteng',NULL,'South Africa','ZA',-26.2121,28.03),(573,'Los Angeles, CA',NULL,'Los Angeles','CA',NULL,'United States','US',34.0535,-118.245),(574,'San Francisco, CA',NULL,'San Francisco','CA',NULL,'United States','US',37.7771,-122.42),(575,'Los Angeles, CA',NULL,'Los Angeles','CA',NULL,'United States','US',34.0535,-118.245),(576,'New York, NY',NULL,'New York','NY',NULL,'United States','US',40.782,-73.8317),(577,'New York, NY',NULL,'New York','NY',NULL,'United States','US',40.782,-73.8317),(578,'San Francisco, CA',NULL,'San Francisco','CA',NULL,'United States','US',37.7771,-122.42),(579,'Washington, DC',NULL,'Washington','DC',NULL,'United States','US',38.8904,-77.032),(580,'Los Angeles, CA',NULL,'Los Angeles','CA',NULL,'United States','US',34.0535,-118.245),(581,'New York, NY',NULL,'New York','NY',NULL,'United States','US',40.782,-73.8317),(582,'San Francisco, CA',NULL,'San Francisco','CA',NULL,'United States','US',37.7771,-122.42),(583,'New York, NY',NULL,'New York','NY',NULL,'United States','US',40.782,-73.8317),(584,'San Francisco, CA',NULL,'San Francisco','CA',NULL,'United States','US',37.7771,-122.42),(585,'Washington, DC',NULL,'Washington','DC',NULL,'United States','US',38.8904,-77.032),(586,NULL,NULL,NULL,NULL,NULL,NULL,NULL,NULL,NULL);
/*!40000 ALTER TABLE `location` ENABLE KEYS */;
UNLOCK TABLES;

--
-- Table structure for table `location_table`
--

DROP TABLE IF EXISTS `location_table`;
/*!40101 SET @saved_cs_client     = @@character_set_client */;
/*!40101 SET character_set_client = utf8 */;
CREATE TABLE `location_table` (
  `location_id` int(11) DEFAULT NULL,
  `entity_id` int(11) DEFAULT NULL,
  KEY `location_id` (`location_id`),
  KEY `entity_id` (`entity_id`),
  CONSTRAINT `location_table_ibfk_1` FOREIGN KEY (`location_id`) REFERENCES `location` (`id`),
  CONSTRAINT `location_table_ibfk_2` FOREIGN KEY (`entity_id`) REFERENCES `entity` (`id`)
) ENGINE=InnoDB DEFAULT CHARSET=utf8;
/*!40101 SET character_set_client = @saved_cs_client */;

--
-- Dumping data for table `location_table`
--

LOCK TABLES `location_table` WRITE;
/*!40000 ALTER TABLE `location_table` DISABLE KEYS */;
INSERT INTO `location_table` VALUES (1,1),(2,2),(3,3),(4,3),(5,4),(6,5),(7,6),(8,7),(9,8),(10,9),(11,10),(12,11),(13,12),(14,13),(15,14),(16,15),(17,16),(18,17),(19,18),(20,19),(21,20),(22,20),(23,21),(24,22),(25,22),(26,23),(27,24),(28,25),(29,26),(30,27),(31,28),(32,29),(33,30),(34,31),(35,32),(36,32),(37,33),(38,34),(39,35),(40,36),(41,36),(42,37),(43,38),(44,39),(45,40),(46,41),(47,42),(48,43),(49,44),(50,45),(51,46),(52,47),(53,48),(54,49),(55,50),(56,51),(57,52),(58,53),(59,54),(60,55),(61,56),(62,56),(63,57),(64,58),(65,59),(66,60),(67,61),(68,62),(69,63),(70,64),(71,65),(72,66),(73,67),(74,68),(75,69),(76,70),(77,71),(78,72),(79,73),(80,74),(81,75),(82,76),(83,77),(84,78),(85,79),(86,80),(87,81),(88,82),(89,83),(90,84),(91,85),(92,86),(93,87),(94,88),(95,89),(96,90),(97,91),(98,92),(99,93),(100,94),(101,95),(102,96),(103,97),(104,98),(105,99),(106,100),(107,101),(108,102),(109,103),(110,104),(111,105),(112,106),(113,107),(114,108),(115,109),(116,110),(117,111),(118,112),(119,113),(120,114),(121,115),(122,116),(123,117),(124,118),(125,119),(126,120),(127,121),(128,122),(129,123),(130,124),(131,125),(132,126),(133,127),(134,128),(135,129),(136,130),(137,131),(138,131),(139,132),(140,133),(141,134),(142,135),(143,136),(144,137),(145,138),(146,139),(147,140),(148,141),(149,142),(150,143),(151,144),(152,145),(153,146),(154,146),(155,147),(156,148),(157,149),(158,150),(159,151),(160,152),(161,153),(162,154),(163,155),(164,156),(165,157),(166,158),(167,158),(168,158),(169,158),(170,158),(171,159),(172,160),(173,161),(174,162),(175,163),(176,163),(177,164),(178,165),(179,166),(180,167),(181,168),(182,169),(183,170),(184,171),(185,172),(186,173),(187,174),(188,175),(189,176),(190,177),(191,178),(192,179),(193,179),(194,179),(195,179),(196,180),(197,181),(198,181),(199,181),(200,182),(201,183),(202,184),(203,185),(204,186),(205,187),(206,188),(207,189),(208,190),(209,191),(210,192),(211,193),(212,193),(213,194),(214,195),(215,195),(216,196),(217,197),(218,198),(219,199),(220,199),(221,200),(222,201),(223,201),(224,202),(225,203),(226,204),(227,204),(228,205),(229,206),(230,207),(231,208),(232,209),(233,210),(234,211),(235,212),(236,213),(237,214),(238,215),(239,216),(240,217),(241,217),(242,218),(243,219),(244,220),(245,221),(246,222),(247,223),(248,224),(249,225),(250,226),(251,227),(252,227),(253,228),(254,229),(255,230),(256,231),(257,232),(258,233),(259,234),(260,235),(261,236),(262,237),(263,238),(264,239),(265,240),(266,241),(267,242),(268,243),(269,244),(270,245),(271,246),(272,247),(273,248),(274,249),(275,250),(276,251),(277,252),(278,253),(279,254),(280,255),(281,256),(282,257),(283,258),(284,259),(285,260),(286,261),(287,262),(288,263),(289,264),(290,265),(291,266),(292,267),(293,268),(294,269),(295,270),(296,271),(297,271),(298,271),(299,272),(300,273),(301,274),(302,275),(303,276),(304,277),(305,278),(306,279),(307,280),(308,281),(309,282),(310,283),(311,284),(312,285),(313,286),(314,287),(315,288),(316,289),(317,290),(318,291),(319,292),(320,293),(321,294),(322,295),(323,296),(324,297),(325,298),(326,299),(327,300),(328,301),(329,302),(330,303),(331,304),(332,305),(333,306),(334,307),(335,308),(336,309),(337,310),(338,311),(339,312),(340,313),(341,314),(342,315),(343,316),(344,317),(345,318),(346,319),(347,320),(348,321),(349,322),(350,323),(351,324),(352,325),(353,326),(354,327),(355,328),(356,329),(357,330),(358,331),(359,332),(360,333),(361,334),(362,335),(363,336),(364,337),(365,338),(366,339),(367,340),(368,341),(369,342),(370,343),(371,344),(372,345),(373,346),(374,346),(375,347),(376,348),(377,349),(0,0),(379,369),(378,369),(380,370),(381,374),(382,372),(383,373),(384,375),(386,377),(391,377),(390,377),(389,377),(388,377),(385,377),(387,377),(392,378),(393,379),(394,383),(395,386),(396,385),(397,385),(398,387),(399,388),(400,389),(401,390),(402,391),(404,392),(403,392),(405,394),(406,394),(407,395),(408,396),(409,398),(410,398),(411,399),(412,395),(413,395),(414,400),(415,400),(417,401),(416,401),(418,401),(419,402),(420,403),(421,404),(422,405),(423,406),(424,407),(425,408),(426,409),(427,410),(428,411),(429,412),(430,413),(431,414),(432,415),(433,416),(434,418),(435,418),(436,418),(437,418),(438,418),(439,418),(440,418),(441,418),(442,418),(443,418),(444,419),(445,419),(446,420),(447,421),(448,423),(449,425),(450,426),(451,427),(452,428),(453,429),(454,430),(455,431),(456,432),(457,433),(458,434),(459,435),(460,436),(461,437),(462,438),(463,439),(464,440),(465,441),(466,442),(467,443),(468,444),(469,445),(470,446),(471,447),(472,448),(473,449),(474,450),(475,451),(476,452),(477,453),(478,454),(479,455),(480,456),(481,457),(482,458),(483,459),(484,460),(485,461),(486,462),(487,463),(488,464),(489,465),(490,466),(491,467),(492,468),(493,469),(494,470),(495,471),(496,472),(497,473),(498,474),(499,475),(500,476),(501,477),(502,478),(503,479),(504,480),(505,481),(506,482),(507,483),(508,484),(509,485),(510,486),(511,487),(512,488),(513,489),(514,489),(515,490),(516,491),(517,492),(518,493),(519,494),(520,495),(521,496),(522,497),(523,498),(524,499),(525,500),(526,501),(527,502),(528,503),(529,504),(530,505),(531,506),(532,507),(533,508),(534,509),(535,510),(536,511),(537,512),(538,513),(539,514),(540,515),(541,516),(542,517),(543,518),(544,519),(545,520),(546,327),(547,521),(548,522),(549,523),(550,524),(551,525),(552,526),(553,527),(554,528),(555,529),(556,530),(557,531),(558,532),(559,533),(560,534),(561,535),(562,536),(563,537),(564,538),(565,539),(566,540),(567,541),(568,542),(569,543),(570,544),(571,545),(572,546),(573,547),(574,548),(575,549),(576,551),(577,552),(578,552),(579,553),(580,553),(581,356),(582,356),(583,554),(584,554),(585,555),(586,556);
/*!40000 ALTER TABLE `location_table` ENABLE KEYS */;
UNLOCK TABLES;
/*!40103 SET TIME_ZONE=@OLD_TIME_ZONE */;

/*!40101 SET SQL_MODE=@OLD_SQL_MODE */;
/*!40014 SET FOREIGN_KEY_CHECKS=@OLD_FOREIGN_KEY_CHECKS */;
/*!40014 SET UNIQUE_CHECKS=@OLD_UNIQUE_CHECKS */;
/*!40101 SET CHARACTER_SET_CLIENT=@OLD_CHARACTER_SET_CLIENT */;
/*!40101 SET CHARACTER_SET_RESULTS=@OLD_CHARACTER_SET_RESULTS */;
/*!40101 SET COLLATION_CONNECTION=@OLD_COLLATION_CONNECTION */;
/*!40111 SET SQL_NOTES=@OLD_SQL_NOTES */;

-- Dump completed on 2015-08-28 16:29:35
